order_id,order_date,ship_date,ship_mode,customer_id,customer_name,segment,country,city,state,postal_code,region,product_id,category,sub_category,product_name,sales,quantity,discount,profit,year,month,month_name,profit_margin
ORD-100001,2024-04-16,2024-04-19,First Class,CUST-1088,Customer 1117,Home Office,United States,Peoria,Illinois,98101,West,PROD-1258,Office Supplies,Art Supplies,Art Supplies Product 30,1963.95,5,0.05,98.08,2024,4,April,0.049940171592963156
ORD-100002,2024-06-09,2024-06-10,First Class,CUST-1059,Customer 1170,Home Office,United States,Phoenix,Arizona,98101,Central,PROD-1175,Furniture,Tables,Tables Product 62,1608.92,4,0.2,54.17,2024,6,June,0.033668547845759886
ORD-100003,2024-05-10,2024-05-12,Same Day,CUST-1089,Customer 1060,Corporate,United States,Columbus,Ohio,73301,Central,PROD-1265,Office Supplies,Art Supplies,Art Supplies Product 53,1998.05,5,0.2,76.17,2024,5,May,0.038122169114887014
ORD-100004,2025-03-30,2025-04-03,Second Class,CUST-1104,Customer 1132,Corporate,United States,Tampa,Florida,98101,Central,PROD-1054,Furniture,Storage,Storage Product 4,1311.68,4,0.1,266.58,2025,3,March,0.2032355452549402
ORD-100005,2025-12-30,2026-01-03,Standard Class,CUST-1190,Customer 1040,Consumer,United States,Cleveland,Ohio,85001,West,PROD-1338,Furniture,Chairs,Chairs Product 53,2445.6,4,0.3,238.2,2025,12,December,0.09739941118743867
ORD-100006,2024-02-10,2024-02-11,Same Day,CUST-1129,Customer 1236,Home Office,United States,Miami,Florida,10001,East,PROD-1081,Furniture,Chairs,Chairs Product 8,2619.0,5,0.0,114.59,2024,2,February,0.04375334096983582
ORD-100007,2025-05-04,2025-05-08,Second Class,CUST-1033,Customer 1048,Home Office,United States,San Jose,California,43215,Central,PROD-1216,Office Supplies,Labels,Labels Product 37,2991.73,7,0.15,492.57,2025,5,May,0.16464386826351307
ORD-100008,2025-06-30,2025-07-05,Second Class,CUST-1247,Customer 1142,Home Office,United States,Tucson,Arizona,10001,West,PROD-1207,Office Supplies,Art Supplies,Art Supplies Product 15,256.31,1,0.3,20.18,2025,6,June,0.07873278451874682
ORD-100009,2025-11-21,2025-11-25,Second Class,CUST-1229,Customer 1151,Home Office,United States,Miami,Florida,60601,East,PROD-1171,Furniture,Tables,Tables Product 29,4084.5,7,0.0,471.54,2025,11,November,0.11544619904517077
ORD-100010,2024-08-30,2024-08-31,Standard Class,CUST-1134,Customer 1028,Corporate,United States,Cincinnati,Ohio,98101,East,PROD-1128,Technology,Printers,Printers Product 62,3442.44,6,0.05,710.69,2024,8,August,0.2064494951255505
ORD-100011,2025-09-24,2025-09-27,Standard Class,CUST-1062,Customer 1165,Consumer,United States,San Jose,California,10001,Central,PROD-1172,Technology,Phones,Phones Product 24,947.76,4,0.1,-12.64,2025,9,September,-0.0133367097155398
ORD-100012,2025-11-22,2025-11-24,First Class,CUST-1113,Customer 1101,Consumer,United States,Seattle,Washington,85001,West,PROD-1187,Office Supplies,Labels,Labels Product 2,53.4,1,0.05,13.0,2025,11,November,0.24344569288389514
ORD-100013,2024-08-12,2024-08-14,Same Day,CUST-1198,Unknown,Home Office,United States,Spokane,Washington,33101,East,PROD-1203,Furniture,Storage,Storage Product 56,164.84,1,0.05,23.07,2024,8,August,0.1399538946857559
ORD-100014,2024-10-06,2024-10-07,Standard Class,CUST-1124,Customer 1187,Corporate,United States,Cleveland,Ohio,85001,West,PROD-1259,Office Supplies,Paper,Paper Product 20,2077.05,5,0.3,-60.82,2024,10,October,-0.029281914253388216
ORD-100015,2025-05-25,2025-05-27,Same Day,CUST-1129,Customer 1011,Consumer,United States,Buffalo,New York,90001,Central,PROD-1151,Office Supplies,Art Supplies,Art Supplies Product 31,703.35,3,0.15,128.87,2025,5,May,0.1832231463709391
ORD-100016,2024-05-23,2024-05-25,Standard Class,CUST-1048,Customer 1140,Consumer,United States,Rochester,New York,60601,South,PROD-1009,Furniture,Tables,Tables Product 19,1277.24,2,0.15,108.08,2024,5,May,0.08461996179261533
ORD-100017,2024-04-29,2024-05-03,Second Class,CUST-1104,Customer 1084,Corporate,United States,Tucson,Arizona,10001,South,PROD-1099,Office Supplies,Art Supplies,Art Supplies Product 25,421.62,1,0.1,88.35,2024,4,April,0.20954888288031875
ORD-100018,2024-12-03,2024-12-04,Same Day,CUST-1033,Customer 1142,Consumer,United States,Tucson,Arizona,85001,South,PROD-1135,Technology,Accessories,Accessories Product 67,906.86,2,0.2,-14.67,2024,12,December,-0.016176697615949538
ORD-100019,2025-04-14,2025-04-19,First Class,CUST-1182,Customer 1008,Home Office,United States,San Jose,California,10001,Central,PROD-1277,Technology,Printers,Printers Product 30,1202.53,7,0.3,130.5,2025,4,April,0.10852120113427524
ORD-100020,2025-03-28,2025-03-29,Same Day,CUST-1017,Customer 1172,Corporate,United States,Columbus,Ohio,60601,Central,PROD-1006,Technology,Printers,Printers Product 37,1891.68,4,0.1,231.32,2025,3,March,0.12228283853505878
ORD-100021,2025-08-29,2025-09-03,Same Day,CUST-1215,Customer 1161,Home Office,United States,Seattle,Washington,85001,Central,PROD-1281,Technology,Phones,Phones Product 54,1912.35,3,0.15,53.87,2025,8,August,0.028169529636311346
ORD-100022,2025-09-17,2025-09-19,Second Class,CUST-1218,Customer 1017,Consumer,United States,Tucson,Arizona,90001,East,PROD-1246,Furniture,Bookcases,Bookcases Product 48,4505.55,7,0.05,331.15,2025,9,September,0.07349824105825037
ORD-100023,2025-06-21,2025-06-22,Same Day,CUST-1173,Customer 1020,Consumer,United States,Austin,Texas,85001,South,PROD-1142,Office Supplies,Paper,Paper Product 76,526.38,3,0.2,-26.54,2025,6,June,-0.05041984877844903
ORD-100024,2025-12-27,2026-01-01,Second Class,CUST-1058,Customer 1058,Corporate,United States,Cleveland,Ohio,90001,South,PROD-1170,Office Supplies,Labels,Labels Product 70,244.51,7,0.0,18.88,2025,12,December,0.07721565580139872
ORD-100025,2024-09-20,2024-09-24,Second Class,CUST-1109,Customer 1224,Corporate,United States,New York City,New York,43215,East,PROD-1311,Office Supplies,Binders,Binders Product 40,926.2,5,0.15,99.1,2024,9,September,0.10699632908659036
ORD-100026,2025-10-31,2025-11-02,Standard Class,CUST-1218,Customer 1117,Corporate,United States,Orlando,Florida,43215,East,PROD-1129,technology,Accessories,Accessories Product 58,1557.99,3,0.1,140.77,2025,10,October,0.0903535966212877
ORD-100027,2024-04-05,2024-04-10,Standard Class,CUST-1016,Customer 1189,Home Office,United States,Cleveland,Ohio,85001,East,PROD-1069,Furniture,Chairs,Chairs Product 22,431.34,6,0.0,85.6,2024,4,April,0.19845133769184403
ORD-100028,2025-10-17,2025-10-21,Standard Class,CUST-1047,Customer 1241,Corporate,United States,Buffalo,New York,98101,Central,PROD-1204,Technology,Laptops,Laptops Product 16,1486.53,3,0.0,181.43,2025,10,October,0.12204933637397161
ORD-100029,2025-07-04,2025-07-06,Second Class,CUST-1246,Customer 1069,Corporate,United States,Phoenix,Arizona,33101,East,PROD-1250,Furniture,Tables,Tables Product 19,490.0,4,0.3,15.16,2025,7,July,0.030938775510204082
ORD-100030,2025-05-30,2025-06-02,Same Day,CUST-1152,Customer 1140,Corporate,United States,Los Angeles,California,10001,South,PROD-1033,Furniture,Storage,Storage Product 33,4301.01,7,0.15,421.87,2025,5,May,0.09808626345904799
ORD-100031,2024-09-24,2024-09-29,Standard Class,CUST-1012,Customer 1095,Corporate,United States,New York City,New York,73301,West,PROD-1242,Technology,Laptops,Laptops Product 35,1606.29,3,0.05,99.76,2024,9,September,0.06210584639137392
ORD-100032,2025-08-24,2025-08-26,Standard Class,CUST-1114,Customer 1237,Home Office,United States,Houston,Texas,60601,South,PROD-1217,Office Supplies,Paper,Paper Product 21,3189.78,6,0.0,507.33,2025,8,August,0.15904858642288808
ORD-100033,2025-04-01,2025-04-06,Same Day,CUST-1113,Customer 1183,Consumer,United States,Orlando,Florida,43215,West,PROD-1286,Technology,Phones,Phones Product 17,1931.82,3,0.15,90.38,2025,4,April,0.046784897143626214
ORD-100034,2024-12-07,2024-12-12,Standard Class,CUST-1147,Customer 1076,Consumer,United States,Miami,Florida,43215,South,PROD-1206,Technology,Accessories,Accessories Product 52,2916.7,5,0.0,154.11,2024,12,December,0.05283711043302363
ORD-100035,2024-03-09,2024-03-13,Standard Class,CUST-1151,Customer 1144,Consumer,United States,Columbus,Ohio,43215,West,PROD-1181,Office Supplies,Binders,Binders Product 42,1189.08,3,0.15,141.39,2024,3,March,0.11890705419315774
ORD-100036,2025-09-25,2025-09-27,First Class,CUST-1076,Customer 1009,Corporate,United States,Spokane,Washington,73301,South,PROD-1253,Furniture,Bookcases,Bookcases Product 7,2411.15,5,0.2,34.29,2025,9,September,0.014221429608278206
ORD-100037,2025-01-27,2025-02-01,Second Class,CUST-1083,Customer 1136,Consumer,United States,Tucson,Arizona,90001,Central,PROD-1145,Furniture,Chairs,Chairs Product 71,1162.06,2,0.05,37.21,2025,1,January,0.03202072182159269
ORD-100038,2024-09-08,2024-09-11,Second Class,CUST-1090,Customer 1019,Home Office,United States,Orlando,Florida,98101,East,PROD-1173,Technology,Phones,Phones Product 13,2235.1,7,0.15,204.55,2024,9,September,0.0915171580689902
ORD-100039,2025-10-21,2025-10-24,Standard Class,CUST-1092,Customer 1190,Consumer,United States,Tacoma,Washington,43215,South,PROD-1312,Furniture,Storage,Storage Product 33,2005.88,4,0.0,438.51,2025,10,October,0.2186122798971025
ORD-100040,2025-07-09,2025-07-14,First Class,CUST-1229,Customer 1164,Home Office,United States,Tacoma,Washington,10001,South,PROD-1047,Furniture,Chairs,Chairs Product 49,3153.9,5,0.2,23.48,2025,7,July,0.007444750943276578
ORD-100041,2025-01-07,2025-01-09,Same Day,CUST-1016,Customer 1200,Corporate,United States,Columbus,Ohio,33101,South,PROD-1156,Furniture,Bookcases,Bookcases Product 8,2308.74,6,0.0,599.49,2025,1,January,0.2596611138543102
ORD-100042,2025-10-09,2025-10-10,Same Day,CUST-1192,Customer 1155,Corporate,United States,Orlando,Florida,43215,West,PROD-1201,Furniture,Storage,Storage Product 33,316.7,2,0.15,-7.55,2025,10,October,-0.023839595832017682
ORD-100043,2025-07-11,2025-07-16,First Class,CUST-1153,Customer 1194,Corporate,United States,Chicago,Illinois,85001,Central,PROD-1242,Technology,Printers,Printers Product 5,1610.34,3,0.05,181.15,2025,7,July,0.11249177192394154
ORD-100044,2024-03-05,2024-03-07,First Class,CUST-1217,Customer 1086,Home Office,United States,San Diego,California,10001,West,PROD-1098,Office Supplies,Art Supplies,Art Supplies Product 1,1283.76,2,0.0,167.42,2024,3,March,0.13041378450800772
ORD-100045,2025-04-20,2025-04-25,First Class,CUST-1229,Customer 1053,Consumer,United States,Cleveland,Ohio,73301,Central,PROD-1083,Technology,Printers,Printers Product 17,352.91,1,0.2,59.71,2025,4,April,0.16919327873962198
ORD-100046,2024-01-01,2024-01-02,Same Day,CUST-1032,Customer 1034,Home Office,United States,San Diego,California,85001,East,PROD-1154,Technology,Accessories,Accessories Product 34,561.84,3,0.15,6.95,2024,1,January,0.012370069770753238
ORD-100047,2024-11-01,2024-11-04,Standard Class,CUST-1145,Customer 1112,Home Office,United States,Rochester,New York,43215,East,PROD-1207,Furniture,Tables,Tables Product 14,2131.4,4,0.15,196.36,2024,11,November,0.09212724031153233
ORD-100048,2025-02-25,2025-02-28,First Class,CUST-1191,Customer 1226,Consumer,United States,Rochester,New York,98101,West,PROD-1335,Furniture,Bookcases,Bookcases Product 30,2550.16,4,0.05,392.93,2025,2,February,0.15408052828057847
ORD-100049,2024-05-12,2024-05-16,Same Day,CUST-1216,Customer 1069,Corporate,United States,New York City,New York,98101,West,PROD-1205,Office Supplies,Binders,Binders Product 43,529.15,5,0.0,83.66,2024,5,May,0.1581026174052726
ORD-100050,2025-10-24,2025-10-28,Same Day,CUST-1132,Customer 1184,Consumer,United States,Columbus,Ohio,10001,South,PROD-1195,Office Supplies,Labels,Labels Product 27,2695.56,7,0.1,49.38,2025,10,October,0.01831901348884833
ORD-100051,2025-09-25,2025-09-27,Standard Class,CUST-1022,Customer 1149,Corporate,United States,Houston,Texas,90001,West,PROD-1233,Technology,Printers,Printers Product 12,114.21,3,0.2,1.46,2025,9,September,0.012783469048244463
ORD-100052,2024-03-18,2024-03-19,Second Class,CUST-1239,Customer 1056,Corporate,United States,Houston,Texas,10001,East,PROD-1048,Furniture,Tables,Tables Product 61,904.94,2,0.0,56.24,2024,3,March,0.062147766702764826
ORD-100053,2024-01-08,2024-01-10,Same Day,CUST-1215,Customer 1078,Corporate,United States,Miami,Florida,60601,Central,PROD-1014,Technology,Accessories,Accessories Product 59,393.06,1,0.15,3.04,2024,1,January,0.0077341881646567955
ORD-100054,2024-12-28,2024-12-31,First Class,CUST-1015,Customer 1192,Consumer,United States,Rochester,New York,43215,West,PROD-1028,Office Supplies,Labels,Labels Product 74,220.08,7,0.05,26.38,2024,12,December,0.1198655034532897
ORD-100055,2024-03-26,2024-03-30,Standard Class,CUST-1068,Customer 1138,Home Office,United States,San Jose,California,90001,West,PROD-1146,Office Supplies,Paper,Paper Product 34,707.08,2,0.0,179.4,2024,3,March,0.253719522543418
ORD-100056,2025-08-17,2025-08-19,First Class,CUST-1184,Customer 1059,Consumer,United States,Phoenix,Arizona,98101,West,PROD-1289,Office Supplies,Art Supplies,Art Supplies Product 53,386.1,2,0.3,35.1,2025,8,August,0.09090909090909091
ORD-100057,2025-05-17,2025-05-18,First Class,CUST-1131,Customer 1243,Home Office,United States,Tacoma,Washington,85001,West,PROD-1036,Furniture,Chairs,Chairs Product 24,2219.28,4,0.3,-125.56,2025,5,May,-0.056576907825961566
ORD-100058,2024-01-04,2024-01-07,Second Class,CUST-1185,Customer 1194,Home Office,United States,Austin,Texas,10001,South,PROD-1026,Office Supplies,Binders,Binders Product 51,3733.03,7,0.0,589.0,2024,1,January,0.157780676822849
ORD-100059,2025-02-13,2025-02-14,Same Day,CUST-1047,Customer 1001,Corporate,United States,Springfield,Illinois,98101,South,PROD-1038,Technology,Printers,Printers Product 37,2793.54,6,0.15,221.6,2025,2,February,0.07932587326474652
ORD-100060,2024-09-15,2024-09-17,Same Day,CUST-1130,Customer 1013,Corporate,United States,Columbus,Ohio,33101,West,PROD-1319,Furniture,Bookcases,Bookcases Product 73,247.57,1,0.05,35.69,2024,9,September,0.14416124732398916
ORD-100061,2025-07-03,2025-07-07,Same Day,CUST-1178,Customer 1078,Consumer,United States,Rochester,New York,85001,East,PROD-1137,Technology,Phones,Phones Product 34,3631.32,7,0.0,886.68,2025,7,July,0.24417567165658766
ORD-100062,2025-07-25,2025-07-29,Second Class,CUST-1035,Customer 1213,Consumer,United States,San Diego,California,60601,East,PROD-1078,Office Supplies,Labels,Labels Product 26,505.85,5,0.0,111.35,2025,7,July,0.22012454284867053
ORD-100063,2024-02-11,2024-02-16,Second Class,CUST-1097,Customer 1023,Home Office,United States,Los Angeles,California,43215,West,PROD-1153,Furniture,Storage,Storage Product 17,447.74,1,0.3,40.71,2024,2,February,0.09092330370304194
ORD-100064,2025-09-07,2025-09-10,Same Day,CUST-1042,Customer 1192,Home Office,United States,Cleveland,Ohio,43215,West,PROD-1289,Technology,Laptops,Laptops Product 27,1075.02,3,0.3,108.1,2025,9,September,0.10055626872058195
ORD-100065,2025-02-14,2025-02-16,Standard Class,CUST-1123,Customer 1074,Consumer,United States,Los Angeles,California,98101,Central,PROD-1159,Technology,Accessories,Accessories Product 47,723.24,7,0.15,68.18,2025,2,February,0.09427022841656989
ORD-100066,2024-06-05,2024-06-07,First Class,CUST-1095,Customer 1115,Home Office,United States,Tampa,Florida,33101,South,PROD-1282,Technology,Printers,Printers Product 43,1611.5,5,0.15,210.85,2024,6,June,0.13084083152342538
ORD-100067,2024-09-10,2024-09-12,Second Class,CUST-1107,Customer 1140,Corporate,United States,Tampa,Florida,60601,South,PROD-1210,Office Supplies,Paper,Paper Product 60,461.06,2,0.3,-13.28,2024,9,September,-0.02880319264303995
ORD-100068,2024-05-06,2024-05-09,Standard Class,CUST-1206,Customer 1040,Consumer,United States,Miami,Florida,98101,East,PROD-1257,Office Supplies,Art Supplies,Art Supplies Product 46,1008.12,2,0.05,29.28,2024,5,May,0.02904416140935603
ORD-100069,2025-02-23,2025-02-26,Same Day,CUST-1143,Customer 1149,Home Office,United States,Dallas,Texas,90001,West,PROD-1137,Technology,Phones,Phones Product 74,3277.92,6,0.0,815.46,2025,2,February,0.24877361253477817
ORD-100070,2025-07-28,2025-07-30,First Class,CUST-1162,Customer 1091,Consumer,United States,Houston,Texas,85001,East,PROD-1251,Technology,Phones,Phones Product 51,1419.44,4,0.1,293.13,2025,7,July,0.2065110184298033
ORD-100071,2024-06-28,2024-07-01,Second Class,CUST-1154,Customer 1156,Corporate,United States,San Jose,California,60601,West,PROD-1337,Furniture,Storage,Storage Product 49,201.66,6,0.0,25.61,2024,6,June,0.12699593374987603
ORD-100072,2025-12-01,2025-12-04,First Class,CUST-1184,Customer 1211,Corporate,United States,Tampa,Florida,85001,Central,PROD-1285,Furniture,Tables,Tables Product 49,203.14,1,0.2,5.15,2025,12,December,0.025351974008073253
ORD-100073,2024-01-18,2024-01-22,Standard Class,CUST-1114,Customer 1222,Corporate,United States,Spokane,Washington,10001,East,PROD-1132,Technology,Phones,Phones Product 1,506.79,1,0.05,70.12,2024,1,January,0.13836105684800412
ORD-100074,2025-04-02,2025-04-06,Same Day,CUST-1178,Customer 1135,Consumer,United States,Cincinnati,Ohio,85001,West,PROD-1313,Technology,Laptops,Laptops Product 67,1268.61,3,0.15,189.89,2025,4,April,0.14968351187520199
ORD-100075,2024-11-23,2024-11-24,Same Day,CUST-1239,Customer 1008,Corporate,United States,Columbus,Ohio,10001,South,PROD-1088,Office Supplies,Labels,Labels Product 78,1370.76,6,0.2,-37.22,2024,11,November,-0.02715282033324579
ORD-100076,2024-06-30,2024-07-01,First Class,CUST-1085,Customer 1147,Consumer,United States,Phoenix,Arizona,10001,South,PROD-1285,Furniture,Bookcases,Bookcases Product 60,1356.4,5,0.05,21.19,2024,6,June,0.01562223532881156
ORD-100077,2025-12-09,2025-12-13,Same Day,CUST-1005,Customer 1037,Corporate,United States,San Jose,California,85001,Central,PROD-1226,Furniture,Tables,Tables Product 53,905.12,4,0.05,90.18,2025,12,December,0.09963319780802546
ORD-100078,2024-12-29,2024-12-30,Second Class,CUST-1115,Unknown,Corporate,United States,Dallas,Texas,90001,South,PROD-1237,Office Supplies,Art Supplies,Art Supplies Product 25,566.08,1,0.1,113.04,2024,12,December,0.19968908988128886
ORD-100079,2024-08-22,2024-08-24,First Class,CUST-1037,Customer 1075,Corporate,United States,Tacoma,Washington,73301,South,PROD-1341,Office Supplies,Paper,Paper Product 42,3840.3,6,0.05,878.04,2024,8,August,0.2286383876259667
ORD-100080,2025-11-07,2025-11-09,Second Class,CUST-1213,Customer 1027,Consumer,United States,Houston,Texas,43215,Central,PROD-1219,Technology,Accessories,Accessories Product 40,329.38,1,0.15,2.32,2025,11,November,0.007043536341004311
ORD-100081,2025-03-30,2025-04-01,Second Class,CUST-1064,Customer 1130,Corporate,United States,Chicago,Illinois,10001,West,PROD-1307,Furniture,Storage,Storage Product 53,1190.78,2,0.05,130.45,2025,3,March,0.10955004282907002
ORD-100082,2024-10-22,2024-10-25,Second Class,CUST-1098,Customer 1055,Home Office,United States,Chicago,Illinois,85001,Central,PROD-1069,Office Supplies,Binders,Binders Product 56,716.76,3,0.0,152.79,2024,10,October,0.21316758747697973
ORD-100083,2024-05-27,2024-05-30,Standard Class,CUST-1235,Customer 1226,Consumer,United States,Tampa,Florida,73301,Central,PROD-1073,Technology,Accessories,Accessories Product 73,1174.98,3,0.1,221.06,2024,5,May,0.18813937258506527
ORD-100084,2025-09-07,2025-09-12,Same Day,CUST-1172,Customer 1179,Corporate,United States,Los Angeles,California,98101,Central,PROD-1012,Technology,Phones,Phones Product 19,610.56,2,0.1,110.87,2025,9,September,0.18158739517819708
ORD-100085,2024-01-17,2024-01-20,Same Day,CUST-1223,Customer 1149,Consumer,United States,Rochester,New York,43215,West,PROD-1198,Technology,Printers,Printers Product 72,905.16,2,0.0,76.42,2024,1,January,0.08442706261876354
ORD-100086,2025-07-24,2025-07-26,Same Day,CUST-1199,Customer 1145,Home Office,United States,San Jose,California,73301,West,PROD-1086,Technology,Accessories,Accessories Product 7,89.84,2,0.05,1.97,2025,7,July,0.02192787177203918
ORD-100087,2024-05-16,2024-05-21,Second Class,CUST-1223,Customer 1222,Home Office,United States,Peoria,Illinois,10001,Central,PROD-1103,Furniture,Bookcases,Bookcases Product 17,1805.28,3,0.05,205.3,2024,5,May,0.1137219711069751
ORD-100088,2025-09-11,2025-09-13,First Class,CUST-1215,Customer 1108,Home Office,United States,Mesa,Arizona,43215,South,PROD-1004,Furniture,Bookcases,Bookcases Product 25,1275.68,4,0.1,194.04,2025,9,September,0.15210711150131692
ORD-100089,2025-03-01,2025-03-04,First Class,CUST-1013,Customer 1141,Corporate,United States,Los Angeles,California,85001,South,PROD-1227,Technology,Accessories,Accessories Product 39,642.52,4,0.1,124.54,2025,3,March,0.1938305422399303
ORD-100090,2025-04-21,2025-04-25,First Class,CUST-1121,Customer 1010,Corporate,United States,Springfield,Illinois,90001,East,PROD-1340,Furniture,Storage,Storage Product 5,1908.96,6,0.0,342.43,2025,4,April,0.17938039560807978
ORD-100091,2025-03-04,2025-03-09,Standard Class,CUST-1176,Customer 1193,Consumer,United States,San Jose,California,98101,East,PROD-1073,technology,Accessories,Accessories Product 15,1208.94,6,0.05,101.08,2025,3,March,0.08361043558820123
ORD-100092,2024-03-01,2024-03-04,Second Class,CUST-1077,Customer 1226,Consumer,United States,Mesa,Arizona,43215,South,PROD-1260,Technology,Phones,Phones Product 59,345.2,5,0.3,38.23,2024,3,March,0.11074739281575897
ORD-100093,2024-08-30,2024-09-01,Standard Class,CUST-1241,Customer 1250,Home Office,United States,Seattle,Washington,85001,Central,PROD-1005,Technology,Laptops,Laptops Product 5,443.9,5,0.1,12.15,2024,8,August,0.02737102951115116
ORD-100094,2025-06-04,2025-06-06,First Class,CUST-1178,Customer 1082,Corporate,United States,Columbus,Ohio,90001,South,PROD-1003,Furniture,Bookcases,Bookcases Product 32,1179.18,3,0.0,96.38,2025,6,June,0.08173476483658135
ORD-100095,2024-03-29,2024-03-30,Same Day,CUST-1067,Customer 1123,Consumer,United States,Chicago,Illinois,90001,East,PROD-1226,Office Supplies,Binders,Binders Product 76,582.96,1,0.2,-28.01,2024,3,March,-0.04804789350898861
ORD-100096,2024-09-17,2024-09-20,Standard Class,CUST-1176,Customer 1090,Corporate,United States,Columbus,Ohio,98101,West,PROD-1316,Furniture,Chairs,Chairs Product 48,202.5,3,0.15,9.51,2024,9,September,0.04696296296296296
ORD-100097,2025-08-15,2025-08-17,First Class,CUST-1056,Customer 1040,Corporate,United States,Chicago,Illinois,85001,East,PROD-1237,Technology,Printers,Printers Product 33,655.8,2,0.3,11.27,2025,8,August,0.017185117413845687
ORD-100098,2025-07-24,2025-07-25,Standard Class,CUST-1170,Customer 1100,Home Office,United States,New York City,New York,10001,Central,PROD-1188,Furniture,Storage,Storage Product 7,343.02,3,0.2,44.9,2025,7,July,0.13089615765844556
ORD-100099,2024-01-31,2024-02-02,Same Day,CUST-1002,Customer 1206,Consumer,United States,Springfield,Illinois,60601,South,PROD-1295,Technology,Laptops,Laptops Product 66,106.96,7,0.1,4.26,2024,1,January,0.039827973074046376
ORD-100100,2024-08-20,2024-08-25,First Class,CUST-1240,Customer 1070,Home Office,United States,New York City,New York,98101,East,PROD-1074,Technology,Accessories,Accessories Product 63,85.91,1,0.05,14.15,2024,8,August,0.1647072517751135
ORD-100101,2024-10-04,2024-10-07,Same Day,CUST-1017,Customer 1012,Corporate,United States,Chicago,Illinois,90001,Central,PROD-1193,Office Supplies,Binders,Binders Product 22,491.4,4,0.15,-12.88,2024,10,October,-0.026210826210826214
ORD-100102,2024-11-01,2024-11-04,standard class,CUST-1180,Customer 1125,Home Office,United States,Buffalo,New York,60601,East,PROD-1033,Furniture,Storage,Storage Product 6,3798.54,6,0.2,140.66,2024,11,November,0.03703001679592686
ORD-100103,2025-04-03,2025-04-08,Same Day,CUST-1209,Customer 1099,Consumer,United States,Mesa,Arizona,90001,East,PROD-1271,Office Supplies,Labels,Labels Product 29,25.32,2,0.05,1.98,2025,4,April,0.07819905213270142
ORD-100104,2025-11-17,2025-11-18,Second Class,CUST-1236,Customer 1184,Consumer,United States,Orlando,Florida,60601,East,PROD-1084,Technology,Laptops,Laptops Product 6,952.62,6,0.1,48.19,2025,11,November,0.050586802712519155
ORD-100105,2025-05-21,2025-05-26,First Class,CUST-1064,Customer 1241,Consumer,United States,Peoria,Illinois,85001,South,PROD-1274,Office Supplies,Paper,Paper Product 15,216.63,1,0.3,-15.12,2025,5,May,-0.06979642708766098
ORD-100106,2025-10-18,2025-10-22,First Class,CUST-1131,Customer 1093,Consumer,United States,Orlando,Florida,85001,South,PROD-1046,Office Supplies,Art Supplies,Art Supplies Product 15,2537.35,5,0.1,476.38,2025,10,October,0.1877470589394447
ORD-100107,2024-09-29,2024-09-30,Same Day,CUST-1063,Customer 1214,Corporate,United States,Spokane,Washington,60601,West,PROD-1344,Technology,Accessories,Accessories Product 72,2696.34,6,0.15,246.77,2024,9,September,0.09152035722497905
ORD-100108,2024-03-12,2024-03-15,Standard Class,CUST-1217,Customer 1033,Corporate,United States,Chicago,Illinois,90001,South,PROD-1267,Office Supplies,Art Supplies,Art Supplies Product 51,291.1,5,0.05,37.17,2024,3,March,0.12768807969769838
ORD-100109,2024-02-15,2024-02-16,Second Class,CUST-1168,Customer 1160,Corporate,United States,Miami,Florida,33101,West,PROD-1002,Technology,Phones,Phones Product 33,2312.03,7,0.3,-172.28,2024,2,February,-0.0745146040492554
ORD-100110,2025-08-11,2025-08-13,Second Class,CUST-1122,Customer 1242,Home Office,United States,Seattle,Washington,73301,Central,PROD-1305,Technology,Phones,Phones Product 75,961.12,4,0.05,237.48,2025,8,August,0.24708673214582985
ORD-100111,2024-01-09,2024-01-11,Same Day,CUST-1062,Customer 1084,Corporate,United States,Buffalo,New York,43215,East,PROD-1007,Technology,Laptops,Laptops Product 75,2432.34,6,0.0,511.22,2024,1,January,0.2101762089181611
ORD-100112,2025-05-29,2025-05-31,Second Class,CUST-1012,Customer 1087,Consumer,United States,Tacoma,Washington,90001,West,PROD-1243,Furniture,Tables,Tables Product 19,2434.88,7,0.05,286.75,2025,5,May,0.11776761072414246
ORD-100113,2025-09-22,2025-09-24,First Class,CUST-1150,Customer 1037,Consumer,United States,Miami,Florida,10001,East,PROD-1202,Office Supplies,Binders,Binders Product 35,2161.3,5,0.1,51.44,2025,9,September,0.023800490445565165
ORD-100114,2024-07-25,2024-07-27,Standard Class,CUST-1024,Customer 1148,Consumer,United States,Spokane,Washington,33101,South,PROD-1020,Technology,Phones,Phones Product 60,548.21,1,0.0,136.17,2024,7,July,0.24839021542839418
ORD-100115,2025-02-23,2025-02-25,Same Day,CUST-1006,Customer 1039,Corporate,United States,New York City,New York,10001,East,PROD-1186,Furniture,Chairs,Chairs Product 12,949.42,2,0.15,158.67,2025,2,February,0.16712308567335846
ORD-100116,2025-06-03,2025-06-05,First Class,CUST-1037,Customer 1069,Corporate,United States,Houston,Texas,60601,West,PROD-1318,Office Supplies,Paper,Paper Product 60,2367.84,4,0.05,164.59,2025,6,June,0.0695106088249206
ORD-100117,2024-03-24,2024-03-25,Same Day,CUST-1066,Customer 1163,Consumer,United States,Spokane,Washington,60601,East,PROD-1164,Technology,Laptops,Laptops Product 45,145.56,2,0.0,19.48,2024,3,March,0.13382797471832922
ORD-100118,2024-01-10,2024-01-14,Second Class,CUST-1105,Customer 1001,Consumer,United States,Cincinnati,Ohio,33101,South,PROD-1171,Office Supplies,Labels,Labels Product 76,882.03,3,0.05,106.03,2024,1,January,0.12021133068036235
ORD-100119,2024-10-10,2024-10-11,Standard Class,CUST-1120,Customer 1044,Home Office,United States,Tucson,Arizona,43215,Central,PROD-1108,Technology,Phones,Phones Product 61,398.33,1,0.2,23.12,2024,10,October,0.05804232671403108
ORD-100120,2025-05-25,2025-05-28,Second Class,CUST-1229,Customer 1245,Home Office,United States,Houston,Texas,60601,West,PROD-1179,Furniture,Tables,Tables Product 78,3047.75,5,0.2,254.79,2025,5,May,0.08359937658928718
ORD-100121,2024-08-03,2024-08-08,Standard Class,CUST-1039,Customer 1223,Home Office,United States,Springfield,Illinois,10001,Central,PROD-1294,Furniture,Storage,Storage Product 23,45.45,3,0.05,4.09,2024,8,August,0.08998899889988998
ORD-100122,2025-01-09,2025-01-14,First Class,CUST-1086,Customer 1175,Corporate,United States,Orlando,Florida,90001,East,PROD-1119,Furniture,Chairs,Chairs Product 43,264.34,2,0.2,9.65,2025,1,January,0.03650601498070667
ORD-100123,2024-05-24,2024-05-25,Second Class,CUST-1196,Customer 1033,Consumer,United States,Dallas,Texas,10001,East,PROD-1142,Furniture,Tables,Tables Product 53,1132.72,2,0.0,53.57,2024,5,May,0.04729324104809662
ORD-100124,2024-08-07,2024-08-08,Standard Class,CUST-1089,Customer 1176,Consumer,United States,Dallas,Texas,90001,West,PROD-1077,Technology,Phones,Phones Product 31,1299.26,2,0.3,-63.21,2024,8,August,-0.04865077043855733
ORD-100125,2025-01-15,2025-01-17,Second Class,CUST-1141,Customer 1233,Home Office,United States,Orlando,Florida,10001,West,PROD-1331,Technology,Laptops,Laptops Product 1,1323.9,6,0.3,-26.26,2025,1,January,-0.019835334995090263
ORD-100126,2025-12-25,2025-12-30,First Class,CUST-1060,Customer 1093,Consumer,United States,Columbus,Ohio,90001,West,PROD-1224,Furniture,Tables,Tables Product 35,2898.49,7,0.05,311.82,2025,12,December,0.1075801538042222
ORD-100127,2025-09-13,2025-09-18,Second Class,CUST-1072,Customer 1048,Corporate,United States,Rochester,New York,98101,South,PROD-1117,Furniture,Tables,Tables Product 26,2443.38,6,0.3,-11.96,2025,9,September,-0.004894858761224206
ORD-100128,2024-10-30,2024-11-01,Same Day,CUST-1123,Customer 1171,Consumer,United States,Springfield,Illinois,60601,East,PROD-1107,Technology,Printers,Printers Product 47,844.95,5,0.15,87.37,2024,10,October,0.10340256819930173
ORD-100129,2025-12-15,2025-12-18,Second Class,CUST-1078,Customer 1125,Consumer,United States,Columbus,Ohio,33101,Central,PROD-1027,Technology,Printers,Printers Product 29,151.35,3,0.2,6.81,2025,12,December,0.044995044598612484
ORD-100130,2025-02-23,2025-02-25,Standard Class,CUST-1094,Customer 1203,Home Office,United States,Buffalo,New York,43215,South,PROD-1074,Office Supplies,Art Supplies,Art Supplies Product 39,2813.4,6,0.0,772.04,2025,2,February,0.27441529821568206
ORD-100131,2024-11-07,2024-11-11,Same Day,CUST-1118,Customer 1007,Corporate,United States,Cincinnati,Ohio,90001,South,PROD-1173,Technology,Laptops,Laptops Product 47,373.95,1,0.05,87.04,2024,11,November,0.2327583901591122
ORD-100132,2024-04-27,2024-04-29,Same Day,CUST-1122,Customer 1121,Consumer,United States,Cleveland,Ohio,73301,South,PROD-1152,Office Supplies,Paper,Paper Product 49,2880.6,5,0.0,663.97,2024,4,April,0.2304971186558356
ORD-100133,2025-10-25,2025-10-28,Same Day,CUST-1202,Customer 1225,Home Office,United States,Springfield,Illinois,73301,West,PROD-1175,Furniture,Bookcases,Bookcases Product 49,1665.15,3,0.05,344.33,2025,10,October,0.20678617541963185
ORD-100134,2025-09-22,2025-09-26,First Class,CUST-1160,Customer 1011,Corporate,United States,Houston,Texas,90001,Central,PROD-1077,Office Supplies,Art Supplies,Art Supplies Product 57,365.35,5,0.2,30.72,2025,9,September,0.08408375530313397
ORD-100135,2024-09-19,2024-09-20,Standard Class,CUST-1203,Customer 1231,Corporate,United States,Austin,Texas,10001,South,PROD-1218,Furniture,Chairs,Chairs Product 42,2215.95,5,0.05,255.43,2024,9,September,0.11526884631873464
ORD-100136,2024-12-18,2024-12-19,First Class,CUST-1196,Customer 1013,Consumer,United States,Seattle,Washington,33101,Central,PROD-1005,Office Supplies,Paper,Paper Product 44,537.64,4,0.0,50.75,2024,12,December,0.09439401830220966
ORD-100137,2025-12-12,2025-12-15,Second Class,CUST-1070,Customer 1130,Home Office,United States,Springfield,Illinois,33101,Central,PROD-1102,Office Supplies,Art Supplies,Art Supplies Product 35,891.84,2,0.15,31.52,2025,12,December,0.035342662360961605
ORD-100138,2025-03-17,2025-03-18,First Class,CUST-1208,Customer 1106,Corporate,United States,Tacoma,Washington,98101,West,PROD-1055,Furniture,Bookcases,Bookcases Product 16,2502.16,4,0.2,239.21,2025,3,March,0.095601400390063
ORD-100139,2025-10-17,2025-10-22,Same Day,CUST-1104,Customer 1248,Consumer,United States,Tampa,Florida,90001,Central,PROD-1149,Technology,Printers,Printers Product 70,970.2,6,0.15,185.6,2025,10,October,0.19130076272933413
ORD-100140,2024-06-09,2024-06-14,Second Class,CUST-1036,Customer 1225,Home Office,United States,Mesa,Arizona,73301,West,PROD-1066,Furniture,Tables,Tables Product 2,2695.15,5,0.3,-233.85,2024,6,June,-0.08676697029849915
ORD-100141,2024-06-28,2024-07-01,Second Class,CUST-1171,Customer 1143,Corporate,United States,Los Angeles,California,33101,West,PROD-1244,Office Supplies,Paper,Paper Product 12,1783.92,6,0.15,298.09,2024,6,June,0.167098300372214
ORD-100142,2025-08-16,2025-08-19,Same Day,CUST-1007,Customer 1180,Corporate,United States,Dallas,Texas,90001,East,PROD-1163,Office Supplies,Paper,Paper Product 66,1274.2,5,0.05,281.39,2025,8,August,0.22083660335897032
ORD-100143,2024-07-24,2024-07-25,Standard Class,CUST-1054,Customer 1033,Home Office,United States,Buffalo,New York,98101,West,PROD-1110,Office Supplies,Binders,Binders Product 54,1510.4,4,0.05,317.03,2024,7,July,0.20989804025423725
ORD-100144,2025-04-27,2025-05-02,Second Class,CUST-1196,Customer 1025,Home Office,United States,Tampa,Florida,33101,West,PROD-1012,Furniture,Chairs,Chairs Product 32,538.48,1,0.2,9.8,2025,4,April,0.018199376021393553
ORD-100145,2025-03-22,2025-03-26,First Class,CUST-1211,Customer 1031,Home Office,United States,Tacoma,Washington,60601,East,PROD-1266,Technology,Laptops,Laptops Product 2,73.26,6,0.1,9.79,2025,3,March,0.13363363363363362
ORD-100146,2024-02-25,2024-03-01,Standard Class,CUST-1156,Customer 1190,Corporate,United States,Houston,Texas,10001,East,PROD-1080,Furniture,Bookcases,Bookcases Product 16,4477.13,7,0.1,116.22,2024,2,February,0.025958594010001942
ORD-100147,2025-07-05,2025-07-09,Same Day,CUST-1124,Customer 1166,Home Office,United States,Tampa,Florida,73301,East,PROD-1116,Technology,Printers,Printers Product 63,160.43,1,0.15,4.97,2025,7,July,0.03097924328367512
ORD-100148,2025-06-02,2025-06-07,Second Class,CUST-1133,Customer 1183,Corporate,United States,Peoria,Illinois,98101,East,PROD-1246,Furniture,Storage,Storage Product 79,828.63,3,0.3,-68.4,2025,6,June,-0.08254588899750191
ORD-100149,2025-02-26,2025-03-03,Standard Class,CUST-1181,Customer 1082,Consumer,United States,Cleveland,Ohio,60601,South,PROD-1164,Technology,Accessories,Accessories Product 60,746.5,5,0.2,97.22,2025,2,February,0.13023442732752846
ORD-100150,2025-09-20,2025-09-24,Second Class,CUST-1232,Customer 1227,Consumer,United States,Peoria,Illinois,60601,South,PROD-1042,Office Supplies,Labels,Labels Product 21,186.3,2,0.05,16.85,2025,9,September,0.09044551798174987
ORD-100151,2024-07-10,2024-07-14,Same Day,CUST-1029,Customer 1097,Corporate,United States,Los Angeles,California,73301,Central,PROD-1232,Furniture,Chairs,Chairs Product 21,1020.415,1,0.0,88.68,2024,7,July,0.08690581773102121
ORD-100152,2025-12-26,2025-12-31,First Class,CUST-1069,Customer 1160,Consumer,United States,Austin,Texas,43215,West,PROD-1008,Office Supplies,Labels,Labels Product 77,1020.415,1,0.15,26.5,2025,12,December,0.025969826002165786
ORD-100153,2025-09-12,2025-09-17,Same Day,CUST-1058,Customer 1159,Corporate,United States,New York City,New York,33101,East,PROD-1211,Technology,Laptops,Laptops Product 7,172.38,3,0.0,46.47,2025,9,September,0.2695788374521406
ORD-100154,2025-03-17,2025-03-19,Second Class,CUST-1111,Customer 1224,Consumer,United States,Rochester,New York,43215,South,PROD-1256,Office Supplies,Art Supplies,Art Supplies Product 25,1813.3,5,0.3,105.99,2025,3,March,0.05845144212209783
ORD-100155,2025-07-14,2025-07-15,Second Class,CUST-1119,Customer 1190,Home Office,United States,Cleveland,Ohio,73301,Central,PROD-1149,Technology,Accessories,Accessories Product 36,1617.52,4,0.3,-175.31,2025,7,July,-0.10838196745635294
ORD-100156,2025-11-23,2025-11-25,First Class,CUST-1017,Customer 1168,Corporate,United States,Dallas,Texas,43215,West,PROD-1153,Office Supplies,Art Supplies,Art Supplies Product 59,2409.75,7,0.15,-11.82,2025,11,November,-0.004905073140367258
ORD-100157,2025-09-17,2025-09-20,Second Class,CUST-1113,Customer 1120,Consumer,United States,Houston,Texas,10001,Central,PROD-1032,Furniture,Storage,Storage Product 39,1120.08,6,0.15,-14.94,2025,9,September,-0.013338332976215984
ORD-100158,2025-06-13,2025-06-17,Same Day,CUST-1203,Customer 1086,Corporate,United States,San Jose,California,10001,West,PROD-1022,Technology,Printers,Printers Product 29,2468.6,5,0.2,406.86,2025,6,June,0.1648140646520295
ORD-100159,2024-07-31,2024-08-03,First Class,CUST-1088,Customer 1044,Consumer,United States,Houston,Texas,98101,East,PROD-1189,Technology,Accessories,Accessories Product 56,494.27,7,0.05,31.51,2024,7,July,0.06375058166589112
ORD-100160,2024-01-23,2024-01-28,First Class,CUST-1136,Customer 1106,Corporate,United States,Spokane,Washington,85001,South,PROD-1129,Office Supplies,Labels,Labels Product 5,359.1,5,0.15,39.58,2024,1,January,0.11021999443052073
ORD-100161,2024-08-11,2024-08-14,First Class,CUST-1066,Customer 1169,Consumer,United States,Tampa,Florida,90001,South,PROD-1086,Office Supplies,Paper,Paper Product 58,863.04,2,0.0,149.5,2024,8,August,0.173224879495736
ORD-100162,2024-01-14,2024-01-17,First Class,CUST-1247,Customer 1070,Home Office,United States,San Diego,California,60601,Central,PROD-1132,Furniture,Storage,Storage Product 4,623.25,1,0.0,126.4,2024,1,January,0.2028078620136382
ORD-100163,2024-06-02,2024-06-07,Second Class,CUST-1038,Customer 1174,Consumer,United States,Spokane,Washington,60601,South,PROD-1273,Furniture,Storage,Storage Product 71,2175.1,5,0.3,91.24,2024,6,June,0.04194749666681991
ORD-100164,2024-12-01,2024-12-03,Second Class,CUST-1082,Customer 1147,Home Office,United States,New York City,New York,33101,South,PROD-1305,Technology,Accessories,Accessories Product 63,740.46,2,0.15,-22.09,2024,12,December,-0.029832806633714175
ORD-100165,2024-03-16,2024-03-19,Same Day,CUST-1173,Customer 1228,Corporate,United States,Seattle,Washington,43215,West,PROD-1183,Furniture,Bookcases,Bookcases Product 18,3831.0,6,0.2,456.91,2024,3,March,0.11926651004959542
ORD-100166,2025-04-20,2025-04-25,Standard Class,CUST-1145,Customer 1198,Home Office,United States,San Jose,California,10001,East,PROD-1198,Office Supplies,Art Supplies,Art Supplies Product 47,1503.24,3,0.0,396.78,2025,4,April,0.26394986828450545
ORD-100167,2024-05-16,2024-05-18,Second Class,CUST-1003,Customer 1205,Home Office,United States,Rochester,New York,90001,Central,PROD-1254,Furniture,Storage,Storage Product 70,774.0,2,0.0,136.02,2024,5,May,0.17573643410852716
ORD-100168,2025-03-01,2025-03-06,Same Day,CUST-1049,Customer 1149,Corporate,United States,Peoria,Illinois,85001,West,PROD-1070,Technology,Laptops,Laptops Product 4,858.36,3,0.1,64.77,2025,3,March,0.07545784985320844
ORD-100169,2025-10-02,2025-10-06,Same Day,CUST-1188,Customer 1057,Home Office,United States,Cleveland,Ohio,33101,South,PROD-1036,Furniture,Bookcases,Bookcases Product 30,16.48,1,0.0,1.29,2025,10,October,0.07827669902912622
ORD-100170,2024-06-11,2024-06-13,Standard Class,CUST-1205,Customer 1070,Consumer,United States,Spokane,Washington,60601,South,PROD-1184,Furniture,Tables,Tables Product 57,4131.33,7,0.05,321.28,2024,6,June,0.07776672403318059
ORD-100171,2025-06-02,2025-06-05,Same Day,CUST-1216,Customer 1143,Home Office,United States,Houston,Texas,60601,Central,PROD-1154,Technology,Printers,Printers Product 14,3516.54,6,0.05,662.12,2025,6,June,0.18828735063443044
ORD-100172,2024-03-22,2024-03-23,First Class,CUST-1115,Customer 1089,Consumer,United States,Houston,Texas,85001,South,PROD-1161,Technology,Phones,Phones Product 50,2146.8,5,0.05,125.34,2024,3,March,0.05838457238680827
ORD-100173,2024-11-22,2024-11-27,Second Class,CUST-1028,Customer 1186,Home Office,United States,Cleveland,Ohio,90001,East,PROD-1086,Technology,Printers,Printers Product 49,2220.36,6,0.0,611.32,2024,11,November,0.27532472211713416
ORD-100174,2024-07-16,2024-07-17,Second Class,CUST-1074,Customer 1098,Home Office,United States,Tacoma,Washington,60601,East,PROD-1086,Technology,Accessories,Accessories Product 76,642.48,2,0.2,-23.24,2024,7,July,-0.03617233221267588
ORD-100175,2025-10-11,2025-10-16,Same Day,CUST-1154,Customer 1127,Corporate,United States,Spokane,Washington,33101,Central,PROD-1143,Office Supplies,Art Supplies,Art Supplies Product 79,135.45,3,0.0,11.96,2025,10,October,0.0882982650424511
ORD-100176,2025-01-15,2025-01-17,Standard Class,CUST-1248,Customer 1131,Consumer,United States,Orlando,Florida,73301,South,PROD-1227,Furniture,Storage,Storage Product 6,369.4,1,0.15,52.74,2025,1,January,0.14277206280454793
ORD-100177,2025-01-13,2025-01-17,Second Class,CUST-1008,Customer 1152,Consumer,United States,Columbus,Ohio,33101,West,PROD-1085,Office Supplies,Art Supplies,Art Supplies Product 72,143.18,2,0.2,23.12,2025,1,January,0.16147506635004888
ORD-100178,2024-08-25,2024-08-27,First Class,CUST-1080,Customer 1131,Consumer,United States,Cincinnati,Ohio,10001,East,PROD-1114,Office Supplies,Paper,Paper Product 40,225.56,2,0.15,20.61,2024,8,August,0.09137258379145238
ORD-100179,2025-06-03,2025-06-06,Same Day,CUST-1137,Customer 1012,Home Office,United States,Miami,Florida,98101,East,PROD-1016,Furniture,Chairs,Chairs Product 1,2397.1,5,0.1,144.21,2025,6,June,0.06016019356722707
ORD-100180,2025-06-16,2025-06-18,First Class,CUST-1059,Customer 1247,Home Office,United States,Columbus,Ohio,60601,West,PROD-1131,Office Supplies,Paper,Paper Product 68,2501.52,6,0.15,492.3,2025,6,June,0.19680034539000288
ORD-100181,2025-01-16,2025-01-17,Same Day,CUST-1230,Customer 1178,Corporate,United States,Dallas,Texas,10001,South,PROD-1213,Technology,Printers,Printers Product 3,2872.14,6,0.2,31.14,2025,1,January,0.010842089870270948
ORD-100182,2024-06-04,2024-06-06,Standard Class,CUST-1051,Customer 1175,Corporate,United States,Phoenix,Arizona,73301,East,PROD-1279,Furniture,Tables,Tables Product 48,152.42,2,0.2,4.7,2024,6,June,0.030835848313869575
ORD-100183,2024-10-15,2024-10-19,First Class,CUST-1167,Customer 1198,Consumer,United States,Peoria,Illinois,33101,South,PROD-1001,Furniture,Chairs,Chairs Product 72,1934.68,4,0.05,175.14,2024,10,October,0.0905265987139992
ORD-100184,2025-08-01,2025-08-06,First Class,CUST-1057,Customer 1117,Consumer,United States,Mesa,Arizona,98101,South,PROD-1142,Office Supplies,Labels,Labels Product 76,2259.0,4,0.3,-86.99,2025,8,August,-0.03850818946436476
ORD-100185,2024-07-25,2024-07-28,First Class,CUST-1098,Customer 1120,Corporate,United States,San Jose,California,98101,Central,PROD-1100,Technology,Laptops,Laptops Product 72,854.38,2,0.3,30.74,2024,7,July,0.03597930663170954
ORD-100186,2025-05-21,2025-05-22,First Class,CUST-1110,Customer 1179,Home Office,United States,Buffalo,New York,73301,East,PROD-1201,Furniture,Bookcases,Bookcases Product 28,93.92,4,0.3,8.95,2025,5,May,0.09529386712095399
ORD-100187,2024-03-13,2024-03-17,Second Class,CUST-1120,Customer 1166,Consumer,United States,Spokane,Washington,60601,South,PROD-1286,Technology,Laptops,Laptops Product 9,1238.46,3,0.0,133.22,2024,3,March,0.10756907772556239
ORD-100188,2025-10-15,2025-10-16,Same Day,CUST-1068,Customer 1220,Corporate,United States,Miami,Florida,90001,West,PROD-1110,Technology,Printers,Printers Product 41,178.11,3,0.0,19.94,2025,10,October,0.11195328729436865
ORD-100189,2024-03-02,2024-03-04,Standard Class,CUST-1149,Customer 1069,Consumer,United States,Columbus,Ohio,10001,South,PROD-1201,Office Supplies,Labels,Labels Product 61,194.02,1,0.15,18.89,2024,3,March,0.09736109679414492
ORD-100190,2025-04-26,2025-04-27,First Class,CUST-1026,Customer 1052,Consumer,United States,New York City,New York,98101,South,PROD-1021,Technology,Printers,Printers Product 51,28.04,1,0.15,4.94,2025,4,April,0.1761768901569187
ORD-100191,2024-06-27,2024-07-01,Standard Class,CUST-1067,Customer 1086,Corporate,United States,Los Angeles,California,85001,Central,PROD-1347,Furniture,Storage,Storage Product 55,1774.24,4,0.15,-31.02,2024,6,June,-0.01748354224907566
ORD-100192,2024-09-18,2024-09-20,First Class,CUST-1136,Customer 1211,Corporate,United States,Mesa,Arizona,90001,West,PROD-1093,Technology,Phones,Phones Product 40,1045.8,6,0.0,51.81,2024,9,September,0.04954102122776822
ORD-100193,2025-11-19,2025-11-22,Same Day,CUST-1124,Customer 1097,Corporate,United States,Phoenix,Arizona,43215,West,PROD-1245,Furniture,Bookcases,Bookcases Product 49,1773.05,5,0.0,74.18,2025,11,November,0.04183751163249768
ORD-100194,2025-01-16,2025-01-17,Same Day,CUST-1021,Customer 1051,Home Office,United States,Buffalo,New York,43215,East,PROD-1041,Furniture,Tables,Tables Product 39,265.3,1,0.2,-0.45,2025,1,January,-0.0016961929890689784
ORD-100195,2025-10-20,2025-10-24,First Class,CUST-1076,Customer 1072,Consumer,United States,Buffalo,New York,60601,West,PROD-1268,Technology,Printers,Printers Product 61,287.67,3,0.3,-24.55,2025,10,October,-0.08534084193694164
ORD-100196,2024-09-06,2024-09-11,First Class,CUST-1215,Customer 1177,Home Office,United States,Austin,Texas,33101,Central,PROD-1146,Technology,Phones,Phones Product 66,65.0,5,0.1,-0.94,2024,9,September,-0.014461538461538461
ORD-100197,2025-04-29,2025-05-03,Second Class,CUST-1243,Customer 1143,Consumer,United States,Cleveland,Ohio,43215,Central,PROD-1285,Furniture,Chairs,Chairs Product 74,1177.35,3,0.15,204.36,2025,4,April,0.17357625175181554
ORD-100198,2024-09-22,2024-09-26,First Class,CUST-1084,Customer 1198,Home Office,United States,New York City,New York,60601,Central,PROD-1093,Furniture,Bookcases,Bookcases Product 38,2506.98,6,0.3,-243.74,2024,9,September,-0.0972245490590272
ORD-100199,2024-03-21,2024-03-26,First Class,CUST-1218,Customer 1101,Consumer,United States,Tacoma,Washington,98101,West,PROD-1127,Office Supplies,Art Supplies,Art Supplies Product 25,281.26,1,0.1,26.08,2024,3,March,0.09272559197895186
ORD-100200,2024-10-03,2024-10-04,Standard Class,CUST-1230,Customer 1122,Corporate,United States,San Diego,California,33101,South,PROD-1288,Office Supplies,Art Supplies,Art Supplies Product 67,3332.82,6,0.15,396.65,2024,10,October,0.11901332805252007
ORD-100201,2024-02-10,2024-02-12,First Class,CUST-1057,Customer 1118,Consumer,United States,Tampa,Florida,85001,East,PROD-1290,Office Supplies,Art Supplies,Art Supplies Product 56,525.56,7,0.1,65.55,2024,2,February,0.12472410381307558
ORD-100202,2025-07-21,2025-07-23,Same Day,CUST-1146,Customer 1220,Home Office,United States,Miami,Florida,10001,East,PROD-1126,Technology,Laptops,Laptops Product 11,232.67,1,0.15,9.08,2025,7,July,0.03902522886491598
ORD-100203,2025-01-26,2025-01-30,Standard Class,CUST-1109,Customer 1178,Consumer,United States,Seattle,Washington,98101,South,PROD-1344,Technology,Phones,Phones Product 59,1098.04,2,0.15,100.83,2025,1,January,0.0918272558376744
ORD-100204,2024-06-03,2024-06-05,Second Class,CUST-1059,Customer 1125,Home Office,United States,Springfield,Illinois,60601,Central,PROD-1122,Office Supplies,Labels,Labels Product 37,190.5,6,0.1,4.46,2024,6,June,0.02341207349081365
ORD-100205,2024-03-27,2024-04-01,Standard Class,CUST-1059,Customer 1175,Corporate,United States,Peoria,Illinois,33101,West,PROD-1109,Furniture,Storage,Storage Product 22,2380.08,6,0.15,210.38,2024,3,March,0.0883919868239723
ORD-100206,2025-11-04,2025-11-07,Second Class,CUST-1098,Customer 1160,Consumer,United States,Los Angeles,California,10001,Central,PROD-1341,Technology,Phones,Phones Product 46,2490.45,5,0.1,463.85,2025,11,November,0.18625148065610636
ORD-100207,2024-12-24,2024-12-29,First Class,CUST-1141,Customer 1111,Corporate,United States,Peoria,Illinois,10001,South,PROD-1273,Office Supplies,Art Supplies,Art Supplies Product 24,934.24,4,0.15,91.01,2024,12,December,0.09741608152080836
ORD-100208,2025-06-03,2025-06-06,First Class,CUST-1064,Customer 1091,Consumer,United States,Peoria,Illinois,73301,East,PROD-1310,Furniture,Bookcases,Bookcases Product 45,2223.72,4,0.2,134.15,2025,6,June,0.06032683971003545
ORD-100209,2025-01-29,2025-01-30,Second Class,CUST-1250,Customer 1012,Corporate,United States,Seattle,Washington,90001,East,PROD-1147,Office Supplies,Art Supplies,Art Supplies Product 26,641.48,7,0.0,130.47,2025,1,January,0.20338903784997192
ORD-100210,2024-08-15,2024-08-18,First Class,CUST-1192,Customer 1249,Home Office,United States,Cleveland,Ohio,73301,West,PROD-1179,Furniture,Bookcases,Bookcases Product 53,2071.92,6,0.3,119.82,2024,8,August,0.057830418162863426
ORD-100211,2025-11-17,2025-11-18,Same Day,CUST-1116,Customer 1173,Consumer,United States,Austin,Texas,90001,West,PROD-1225,Furniture,Bookcases,Bookcases Product 72,2725.24,7,0.15,120.88,2025,11,November,0.044355726468127576
ORD-100212,2025-03-18,2025-03-20,Same Day,CUST-1022,Customer 1093,Corporate,United States,Spokane,Washington,10001,East,PROD-1054,Office Supplies,Labels,Labels Product 10,1688.3,5,0.15,-121.59,2025,3,March,-0.07201919090209087
ORD-100213,2024-07-22,2024-07-23,Second Class,CUST-1047,Customer 1163,Home Office,United States,Seattle,Washington,73301,South,PROD-1282,Furniture,Storage,Storage Product 71,449.42,2,0.1,15.99,2024,7,July,0.03557919095723377
ORD-100214,2024-10-18,2024-10-23,Same Day,CUST-1128,Customer 1201,Home Office,United States,New York City,New York,90001,South,PROD-1035,Furniture,Bookcases,Bookcases Product 66,415.79,1,0.2,-28.54,2024,10,October,-0.06864041944250703
ORD-100215,2025-01-18,2025-01-21,Second Class,CUST-1188,Customer 1205,Consumer,United States,Columbus,Ohio,85001,Central,PROD-1045,Office Supplies,Art Supplies,Art Supplies Product 61,1086.92,4,0.3,-56.01,2025,1,January,-0.05153093143929636
ORD-100216,2025-10-18,2025-10-22,Second Class,CUST-1194,Customer 1218,Consumer,United States,Tacoma,Washington,85001,East,PROD-1290,Office Supplies,Labels,Labels Product 39,3844.68,7,0.15,489.05,2025,10,October,0.12720174370818899
ORD-100217,2025-09-23,2025-09-28,First Class,CUST-1065,Customer 1145,Consumer,United States,Cleveland,Ohio,98101,West,PROD-1269,Office Supplies,Art Supplies,Art Supplies Product 21,1090.92,6,0.3,-52.19,2025,9,September,-0.04784035492978403
ORD-100218,2024-10-07,2024-10-11,Same Day,CUST-1054,Customer 1052,Corporate,United States,New York City,New York,98101,Central,PROD-1053,Office Supplies,Paper,Paper Product 24,791.04,6,0.3,-12.7,2024,10,October,-0.016054813915857606
ORD-100219,2024-09-16,2024-09-18,Second Class,CUST-1248,Customer 1098,Home Office,United States,Spokane,Washington,10001,West,PROD-1204,Office Supplies,Binders,Binders Product 49,2984.55,5,0.05,324.86,2024,9,September,0.10884722990065504
ORD-100220,2024-06-02,2024-06-04,Same Day,CUST-1169,Customer 1134,Consumer,United States,Columbus,Ohio,33101,West,PROD-1320,Office Supplies,Paper,Paper Product 29,376.4,2,0.3,33.87,2024,6,June,0.08998405951115834
ORD-100221,2025-10-20,2025-10-22,First Class,CUST-1051,Customer 1141,Home Office,United States,San Jose,California,90001,Central,PROD-1112,Office Supplies,Paper,Paper Product 56,549.65,1,0.15,52.07,2025,10,October,0.09473301191667426
ORD-100222,2025-04-15,2025-04-17,First Class,CUST-1023,Customer 1213,Consumer,United States,San Diego,California,10001,West,PROD-1101,Office Supplies,Paper,Paper Product 33,744.46,2,0.15,81.41,2025,4,April,0.10935443139994089
ORD-100223,2025-08-28,2025-09-02,Second Class,CUST-1145,Customer 1101,Corporate,United States,Tampa,Florida,85001,East,PROD-1028,Office Supplies,Paper,Paper Product 41,79.22,1,0.1,10.87,2025,8,August,0.13721282504418075
ORD-100224,2024-08-14,2024-08-19,Standard Class,CUST-1100,Customer 1031,Corporate,United States,Tucson,Arizona,85001,West,PROD-1329,Office Supplies,Labels,Labels Product 38,55.36,4,0.0,4.69,2024,8,August,0.08471820809248555
ORD-100225,2024-04-09,2024-04-13,Second Class,CUST-1003,Customer 1028,Corporate,United States,Tucson,Arizona,33101,South,PROD-1149,Office Supplies,Binders,Binders Product 28,2465.35,5,0.2,2.15,2024,4,April,0.0008720871275883749
ORD-100226,2024-09-08,2024-09-10,Standard Class,CUST-1044,Customer 1047,Consumer,United States,Los Angeles,California,73301,Central,PROD-1013,Furniture,Tables,Tables Product 37,739.95,3,0.0,175.81,2024,9,September,0.2375971349415501
ORD-100227,2025-02-01,2025-02-02,Same Day,CUST-1182,Customer 1116,Consumer,United States,Dallas,Texas,10001,West,PROD-1228,Furniture,Storage,Storage Product 60,64.1,2,0.1,5.26,2025,2,February,0.08205928237129485
ORD-100228,2024-06-04,2024-06-07,Second Class,CUST-1181,Customer 1170,Home Office,United States,San Jose,California,43215,Central,PROD-1233,Furniture,Tables,Tables Product 34,1065.68,7,0.15,204.34,2024,6,June,0.19174611515651976
ORD-100229,2025-10-26,2025-10-30,Same Day,CUST-1208,Customer 1043,Consumer,United States,Columbus,Ohio,33101,West,PROD-1135,Technology,Accessories,Accessories Product 51,483.5,1,0.15,53.93,2025,10,October,0.11154084798345398
ORD-100230,2025-12-29,2026-01-03,Standard Class,CUST-1157,Customer 1098,Corporate,United States,New York City,New York,33101,West,PROD-1079,Technology,Printers,Printers Product 44,1329.65,5,0.15,230.52,2025,12,December,0.17336893167374873
ORD-100231,2025-09-22,2025-09-26,Second Class,CUST-1233,Customer 1017,Home Office,United States,Houston,Texas,73301,South,PROD-1199,Furniture,Storage,Storage Product 57,1753.05,5,0.15,154.58,2025,9,September,0.08817774735461055
ORD-100232,2024-10-27,2024-10-31,First Class,CUST-1095,Customer 1156,Home Office,United States,Austin,Texas,10001,West,PROD-1049,Furniture,Chairs,Chairs Product 47,317.28,3,0.2,17.94,2024,10,October,0.056543116490166426
ORD-100233,2025-07-12,2025-07-14,Standard Class,CUST-1084,Customer 1052,Consumer,United States,Seattle,Washington,10001,South,PROD-1054,Furniture,Storage,Storage Product 33,3244.71,7,0.05,577.96,2025,7,July,0.17812377685525055
ORD-100234,2024-01-15,2024-01-17,Second Class,CUST-1202,Customer 1046,Consumer,United States,Buffalo,New York,43215,Central,PROD-1003,Furniture,Tables,Tables Product 6,3087.55,5,0.3,-329.45,2024,1,January,-0.10670272546193584
ORD-100235,2024-08-22,2024-08-25,First Class,CUST-1156,Customer 1236,Corporate,United States,Miami,Florida,90001,South,PROD-1068,Technology,Printers,Printers Product 48,2201.0,4,0.1,385.95,2024,8,August,0.17535211267605633
ORD-100236,2024-11-27,2024-11-29,Second Class,CUST-1134,Customer 1004,Home Office,United States,Seattle,Washington,60601,East,PROD-1125,Office Supplies,Binders,Binders Product 17,914.46,3,0.05,141.7,2024,11,November,0.1549548367342475
ORD-100237,2024-09-03,2024-09-04,First Class,CUST-1039,Customer 1081,Home Office,United States,Springfield,Illinois,33101,South,PROD-1242,Office Supplies,Labels,Labels Product 44,2784.95,5,0.3,132.01,2024,9,September,0.04740121007558484
ORD-100238,2025-05-26,2025-05-28,Same Day,CUST-1104,Customer 1066,Home Office,United States,Houston,Texas,85001,South,PROD-1091,Technology,Phones,Phones Product 22,631.6,4,0.1,-2.49,2025,5,May,-0.003942368587713743
ORD-100239,2025-03-26,2025-03-29,Second Class,CUST-1243,Customer 1129,Consumer,United States,Los Angeles,California,60601,East,PROD-1241,Technology,Laptops,Laptops Product 67,1738.52,4,0.05,397.83,2025,3,March,0.22883257023215148
ORD-100240,2025-09-16,2025-09-21,Same Day,CUST-1093,Customer 1212,Consumer,United States,Rochester,New York,10001,Central,PROD-1324,Technology,Accessories,Accessories Product 65,2661.4,7,0.3,64.64,2025,9,September,0.02428796873825806
ORD-100241,2025-02-07,2025-02-08,Standard Class,CUST-1122,Customer 1193,Consumer,United States,Dallas,Texas,98101,Central,PROD-1237,Furniture,Chairs,Chairs Product 41,118.24,4,0.1,4.49,2025,2,February,0.03797361299052775
ORD-100242,2025-10-22,2025-10-26,First Class,CUST-1047,Customer 1247,Home Office,United States,Peoria,Illinois,73301,South,PROD-1133,Technology,Printers,Printers Product 21,660.6,3,0.1,34.88,2025,10,October,0.052800484408113836
ORD-100243,2024-03-24,2024-03-25,Same Day,CUST-1147,Customer 1112,Home Office,United States,Cleveland,Ohio,98101,South,PROD-1324,Furniture,Storage,Storage Product 15,2515.73,7,0.2,180.81,2024,3,March,0.07187178274298116
ORD-100244,2025-01-01,2025-01-06,Same Day,CUST-1024,Customer 1234,Home Office,United States,San Jose,California,73301,West,PROD-1181,Office Supplies,Paper,Paper Product 23,1635.78,3,0.2,170.81,2025,1,January,0.10442113242612087
ORD-100245,2024-06-29,2024-07-04,Standard Class,CUST-1138,Customer 1168,Home Office,United States,Cleveland,Ohio,43215,Central,PROD-1085,Technology,Phones,Phones Product 61,2108.58,6,0.2,63.21,2024,6,June,0.029977520416583674
ORD-100246,2024-02-07,2024-02-09,Second Class,CUST-1030,Customer 1190,Consumer,United States,Buffalo,New York,90001,South,PROD-1206,Office Supplies,Art Supplies,Art Supplies Product 57,1305.06,3,0.0,317.94,2024,2,February,0.24362098294331297
ORD-100247,2025-07-04,2025-07-07,First Class,CUST-1031,Customer 1170,Corporate,United States,Rochester,New York,85001,East,PROD-1162,Furniture,Storage,Storage Product 9,1577.16,6,0.2,-53.77,2025,7,July,-0.03409292652616095
ORD-100248,2025-12-26,2025-12-29,Standard Class,CUST-1101,Customer 1102,Consumer,United States,Tucson,Arizona,90001,East,PROD-1217,Technology,Laptops,Laptops Product 51,242.77,1,0.15,26.51,2025,12,December,0.10919800634345266
ORD-100249,2024-04-13,2024-04-15,First Class,CUST-1126,Customer 1057,Consumer,United States,Cleveland,Ohio,73301,East,PROD-1169,Technology,Phones,Phones Product 73,3274.18,7,0.1,582.29,2024,4,April,0.1778430019119291
ORD-100250,2025-05-29,2025-06-03,First Class,CUST-1192,Customer 1065,Consumer,United States,Seattle,Washington,10001,Central,PROD-1271,Technology,Accessories,Accessories Product 32,459.35,1,0.15,54.46,2025,5,May,0.11855883313377598
ORD-100251,2025-02-22,2025-02-26,Same Day,CUST-1059,Customer 1157,Home Office,United States,Rochester,New York,98101,West,PROD-1168,Furniture,Chairs,Chairs Product 65,2765.76,6,0.3,214.03,2025,2,February,0.07738560106444521
ORD-100252,2025-06-08,2025-06-11,Second Class,CUST-1089,Customer 1148,Home Office,United States,Tucson,Arizona,33101,South,PROD-1151,Technology,Laptops,Laptops Product 2,2187.78,6,0.15,26.07,2025,6,June,0.011916189013520553
ORD-100253,2025-06-02,2025-06-05,First Class,CUST-1210,Customer 1244,Consumer,United States,Los Angeles,California,90001,South,PROD-1126,Furniture,Bookcases,Bookcases Product 53,2464.02,6,0.1,466.1,2025,6,June,0.1891624256296621
ORD-100254,2024-04-06,2024-04-09,Standard Class,CUST-1062,Customer 1050,Consumer,United States,New York City,New York,10001,Central,PROD-1197,Office Supplies,Paper,Paper Product 66,2397.3,5,0.3,48.72,2024,4,April,0.02032286322112376
ORD-100255,2024-05-20,2024-05-25,Same Day,CUST-1148,Customer 1029,Corporate,United States,Columbus,Ohio,43215,Central,PROD-1057,Furniture,Bookcases,Bookcases Product 8,1761.6,4,0.3,109.99,2024,5,May,0.06243755676657584
ORD-100256,2024-01-17,2024-01-18,Standard Class,CUST-1082,Customer 1218,Consumer,United States,Springfield,Illinois,90001,East,PROD-1177,Furniture,Tables,Tables Product 76,1262.58,2,0.2,208.26,2024,1,January,0.16494796369338974
ORD-100257,2024-04-07,2024-04-09,Second Class,CUST-1022,Customer 1154,Home Office,United States,Buffalo,New York,43215,East,PROD-1219,Office Supplies,Labels,Labels Product 29,484.22,1,0.05,39.46,2024,4,April,0.08149188385444632
ORD-100258,2025-07-06,2025-07-08,Second Class,CUST-1053,Customer 1034,Corporate,United States,Tampa,Florida,10001,Central,PROD-1207,Office Supplies,Binders,Binders Product 27,2735.52,6,0.1,368.41,2025,7,July,0.1346764052172896
ORD-100259,2025-03-18,2025-03-19,First Class,CUST-1154,Customer 1217,Corporate,United States,San Diego,California,60601,East,PROD-1315,Furniture,Chairs,Chairs Product 22,684.8,4,0.05,150.9,2025,3,March,0.22035630841121498
ORD-100260,2024-09-04,2024-09-08,Standard Class,CUST-1113,Customer 1045,Home Office,United States,Peoria,Illinois,90001,West,PROD-1164,Office Supplies,Art Supplies,Art Supplies Product 1,2465.28,6,0.3,94.24,2024,9,September,0.03822689511941848
ORD-100261,2024-02-15,2024-02-16,Second Class,CUST-1114,Customer 1027,Corporate,United States,Los Angeles,California,73301,East,PROD-1244,Furniture,Storage,Storage Product 25,967.48,2,0.3,105.92,2024,2,February,0.10948029933435316
ORD-100262,2025-01-13,2025-01-14,First Class,CUST-1121,Customer 1041,Corporate,United States,Miami,Florida,73301,South,PROD-1168,Office Supplies,Labels,Labels Product 39,291.69,1,0.1,36.89,2025,1,January,0.12646988240940726
ORD-100263,2025-04-24,2025-04-29,First Class,CUST-1176,Customer 1034,Home Office,United States,Cincinnati,Ohio,60601,Central,PROD-1318,Technology,Phones,Phones Product 58,83.08,4,0.0,7.6,2025,4,April,0.091478093403948
ORD-100264,2025-08-28,2025-09-01,First Class,CUST-1063,Customer 1077,Corporate,United States,Tucson,Arizona,10001,Central,PROD-1321,Technology,Laptops,Laptops Product 8,3828.72,7,0.3,-126.39,2025,8,August,-0.033011032407697614
ORD-100265,2024-03-13,2024-03-17,Same Day,CUST-1097,Customer 1182,Consumer,United States,Houston,Texas,90001,Central,PROD-1056,Office Supplies,Binders,Binders Product 59,1924.4,5,0.0,231.05,2024,3,March,0.12006339638328829
ORD-100266,2024-12-28,2024-12-30,Same Day,CUST-1107,Customer 1037,Home Office,United States,Springfield,Illinois,33101,Central,PROD-1063,Technology,Accessories,Accessories Product 22,1386.24,3,0.05,183.49,2024,12,December,0.13236524699907665
ORD-100267,2024-08-01,2024-08-05,First Class,CUST-1129,Customer 1055,Home Office,United States,Los Angeles,California,98101,Central,PROD-1242,Office Supplies,Binders,Binders Product 1,334.88,7,0.3,-39.58,2024,8,August,-0.11819159101767797
ORD-100268,2025-10-06,2025-10-09,Standard Class,CUST-1047,Customer 1084,Home Office,United States,Chicago,Illinois,10001,South,PROD-1069,Furniture,Tables,Tables Product 1,130.44,1,0.2,14.25,2025,10,October,0.10924563017479301
ORD-100269,2025-10-26,2025-10-27,Standard Class,CUST-1055,Customer 1046,Home Office,United States,Austin,Texas,85001,West,PROD-1036,Office Supplies,Art Supplies,Art Supplies Product 49,2428.65,5,0.05,513.3,2025,10,October,0.2113519856710518
ORD-100270,2024-07-31,2024-08-01,Second Class,CUST-1005,Customer 1170,Home Office,United States,Columbus,Ohio,90001,South,PROD-1313,Furniture,Tables,Tables Product 73,1312.8,5,0.1,241.46,2024,7,July,0.18392748324192568
ORD-100271,2025-10-14,2025-10-19,Second Class,CUST-1229,Customer 1134,Corporate,United States,Peoria,Illinois,98101,Central,PROD-1246,Technology,Laptops,Laptops Product 33,1545.0,6,0.2,-46.86,2025,10,October,-0.03033009708737864
ORD-100272,2025-02-19,2025-02-23,First Class,CUST-1164,Customer 1162,Consumer,United States,Spokane,Washington,73301,South,PROD-1011,Furniture,Chairs,Chairs Product 78,1149.0,2,0.05,112.06,2025,2,February,0.09752828546562228
ORD-100273,2024-05-06,2024-05-09,Standard Class,CUST-1137,Customer 1175,Consumer,United States,Cleveland,Ohio,98101,West,PROD-1019,Office Supplies,Labels,Labels Product 67,678.48,3,0.3,71.49,2024,5,May,0.10536788114609125
ORD-100274,2025-03-24,2025-03-25,Second Class,CUST-1093,Customer 1176,Home Office,United States,Cleveland,Ohio,60601,South,PROD-1245,Furniture,Storage,Storage Product 64,1655.35,5,0.1,192.36,2025,3,March,0.11620503216842361
ORD-100275,2024-01-17,2024-01-19,Standard Class,CUST-1103,Customer 1053,Consumer,United States,Cleveland,Ohio,90001,Central,PROD-1017,Technology,Phones,Phones Product 43,594.37,7,0.05,135.2,2024,1,January,0.22746773895048536
ORD-100276,2024-07-25,2024-07-26,Second Class,CUST-1156,Customer 1073,Consumer,United States,Peoria,Illinois,60601,West,PROD-1086,Technology,Laptops,Laptops Product 41,2064.7,5,0.05,151.31,2024,7,July,0.07328425437109508
ORD-100277,2024-07-17,2024-07-22,First Class,CUST-1131,Customer 1139,Consumer,United States,Buffalo,New York,98101,Central,PROD-1057,Office Supplies,Art Supplies,Art Supplies Product 18,2026.44,6,0.1,385.42,2024,7,July,0.19019561398314286
ORD-100278,2025-10-09,2025-10-13,Same Day,CUST-1057,Customer 1049,Consumer,United States,Tucson,Arizona,73301,Central,PROD-1333,Office Supplies,Art Supplies,Art Supplies Product 45,1906.62,6,0.0,416.29,2025,10,October,0.21833926005181947
ORD-100279,2025-09-26,2025-09-29,First Class,CUST-1062,Customer 1132,Home Office,United States,Miami,Florida,33101,South,PROD-1331,Furniture,Bookcases,Bookcases Product 30,433.8,2,0.1,0.78,2025,9,September,0.001798063623789765
ORD-100280,2024-12-13,2024-12-14,Same Day,CUST-1136,Customer 1201,Corporate,United States,Seattle,Washington,73301,West,PROD-1318,Office Supplies,Binders,Binders Product 39,3676.89,7,0.2,-165.89,2024,12,December,-0.04511693306027648
ORD-100281,2025-04-29,2025-05-03,Standard Class,CUST-1127,Customer 1220,Corporate,United States,San Jose,California,60601,Central,PROD-1215,Furniture,Storage,Storage Product 3,1223.58,3,0.2,27.88,2025,4,April,0.022785596364765688
ORD-100282,2025-04-29,2025-05-04,Standard Class,CUST-1011,Customer 1054,Home Office,United States,Dallas,Texas,90001,South,PROD-1237,Technology,Printers,Printers Product 59,2077.35,5,0.05,178.98,2025,4,April,0.08615784533179291
ORD-100283,2024-10-26,2024-10-28,Same Day,CUST-1115,Customer 1090,Home Office,United States,Tacoma,Washington,73301,Central,PROD-1224,Furniture,Tables,Tables Product 62,395.67,3,0.0,71.35,2024,10,October,0.1803270402102762
ORD-100284,2025-11-08,2025-11-12,Standard Class,CUST-1122,Customer 1110,Consumer,United States,Cincinnati,Ohio,10001,South,PROD-1278,Furniture,Chairs,Chairs Product 74,1254.03,3,0.0,209.29,2025,11,November,0.16689393395692287
ORD-100285,2025-01-22,2025-01-26,Same Day,CUST-1161,Customer 1028,Consumer,United States,Cincinnati,Ohio,60601,East,PROD-1022,Office Supplies,Paper,Paper Product 70,4475.45,7,0.15,640.79,2025,1,January,0.14317889821135305
ORD-100286,2025-08-13,2025-08-14,Same Day,CUST-1110,Customer 1187,Home Office,United States,Mesa,Arizona,60601,East,PROD-1104,Technology,Phones,Phones Product 77,2069.85,5,0.3,72.53,2025,8,August,0.03504118655941252
ORD-100287,2024-06-30,2024-07-03,Standard Class,CUST-1031,Customer 1091,Consumer,United States,Austin,Texas,73301,East,PROD-1347,Furniture,Tables,Tables Product 35,274.55,5,0.1,61.7,2024,6,June,0.22473137861955927
ORD-100288,2025-04-03,2025-04-07,Same Day,CUST-1245,Customer 1035,Corporate,United States,Phoenix,Arizona,98101,East,PROD-1114,Office Supplies,Labels,Labels Product 49,1661.34,3,0.3,18.08,2025,4,April,0.010882781369256142
ORD-100289,2025-03-17,2025-03-19,First Class,CUST-1025,Customer 1068,Consumer,United States,Mesa,Arizona,60601,East,PROD-1019,Office Supplies,Labels,Labels Product 43,1832.13,3,0.2,251.85,2025,3,March,0.13746295295639502
ORD-100290,2025-10-26,2025-10-30,Standard Class,CUST-1191,Customer 1059,Consumer,United States,Peoria,Illinois,10001,West,PROD-1268,Furniture,Tables,Tables Product 50,1501.32,4,0.1,312.26,2025,10,October,0.20799030186768977
ORD-100291,2024-01-14,2024-01-16,Same Day,CUST-1215,Customer 1075,Consumer,United States,Dallas,Texas,33101,West,PROD-1343,Furniture,Chairs,Chairs Product 41,1852.77,3,0.2,170.36,2024,1,January,0.09194881177911993
ORD-100292,2024-06-30,2024-07-04,Standard Class,CUST-1143,Customer 1104,Corporate,United States,Los Angeles,California,98101,Central,PROD-1209,Office Supplies,Labels,Labels Product 46,731.78,2,0.0,140.96,2024,6,June,0.19262619913088636
ORD-100293,2024-04-21,2024-04-25,Second Class,CUST-1166,Customer 1131,Corporate,United States,Orlando,Florida,98101,West,PROD-1322,Furniture,Tables,Tables Product 37,400.99,1,0.1,37.64,2024,4,April,0.09386767749819197
ORD-100294,2025-06-21,2025-06-26,Same Day,CUST-1218,Customer 1158,Consumer,United States,Dallas,Texas,85001,South,PROD-1116,Technology,Accessories,Accessories Product 55,1170.69,3,0.1,-2.95,2025,6,June,-0.0025198814374428756
ORD-100295,2024-02-14,2024-02-15,First Class,CUST-1179,Customer 1212,Consumer,United States,Rochester,New York,73301,West,PROD-1239,Furniture,Tables,Tables Product 57,1731.99,3,0.1,280.55,2024,2,February,0.16198130474194425
ORD-100296,2024-12-31,2025-01-01,Standard Class,CUST-1064,Customer 1042,Corporate,United States,Springfield,Illinois,60601,East,PROD-1011,Office Supplies,Labels,Labels Product 50,934.84,4,0.2,153.39,2024,12,December,0.1640815540627273
ORD-100297,2024-10-02,2024-10-07,Same Day,CUST-1131,Customer 1037,Corporate,United States,Dallas,Texas,90001,South,PROD-1072,Office Supplies,Art Supplies,Art Supplies Product 40,366.68,2,0.05,11.17,2024,10,October,0.030462528635322353
ORD-100298,2024-07-10,2024-07-14,Standard Class,CUST-1164,Customer 1125,Consumer,United States,Buffalo,New York,85001,South,PROD-1101,Office Supplies,Art Supplies,Art Supplies Product 26,801.7,5,0.15,124.98,2024,7,July,0.15589372583260572
ORD-100299,2024-06-14,2024-06-17,Same Day,CUST-1046,Customer 1096,Corporate,United States,Cleveland,Ohio,60601,South,PROD-1266,Furniture,Storage,Storage Product 40,4490.71,7,0.3,-39.12,2024,6,June,-0.008711317364069378
ORD-100300,2024-12-08,2024-12-10,Standard Class,CUST-1184,Customer 1226,Consumer,United States,Buffalo,New York,98101,West,PROD-1089,Furniture,Storage,Storage Product 48,293.83,1,0.05,61.67,2024,12,December,0.20988326583398564
ORD-100301,2025-02-02,2025-02-03,Same Day,CUST-1148,Customer 1218,Home Office,United States,Miami,Florida,60601,Central,PROD-1333,Furniture,Bookcases,Bookcases Product 73,424.5,2,0.2,71.09,2025,2,February,0.1674676089517079
ORD-100302,2024-07-29,2024-08-02,First Class,CUST-1089,Customer 1224,Corporate,United States,Orlando,Florida,85001,West,PROD-1337,Office Supplies,Art Supplies,Art Supplies Product 6,970.32,4,0.1,171.68,2024,7,July,0.1769313216258554
ORD-100303,2024-09-26,2024-09-27,Standard Class,CUST-1160,Customer 1187,Corporate,United States,San Diego,California,43215,Central,PROD-1120,Office Supplies,Paper,Paper Product 53,1882.79,7,0.15,169.71,2024,9,September,0.09013750869719937
ORD-100304,2024-08-24,2024-08-25,Second Class,CUST-1206,Customer 1032,Home Office,United States,Tampa,Florida,73301,East,PROD-1256,Furniture,Bookcases,Bookcases Product 59,3232.8,6,0.3,64.41,2024,8,August,0.019923904974016332
ORD-100305,2024-09-11,2024-09-16,Second Class,CUST-1084,Customer 1231,Home Office,United States,Columbus,Ohio,98101,South,PROD-1013,Technology,Laptops,Laptops Product 45,618.65,5,0.0,28.49,2024,9,September,0.046051887173684636
ORD-100306,2024-10-02,2024-10-03,First Class,CUST-1205,Customer 1017,Corporate,United States,Houston,Texas,85001,Central,PROD-1219,Office Supplies,Binders,Binders Product 23,1962.68,4,0.3,-120.33,2024,10,October,-0.06130902643324434
ORD-100307,2025-04-18,2025-04-19,Standard Class,CUST-1016,Customer 1119,Corporate,United States,Mesa,Arizona,98101,Central,PROD-1286,Furniture,Storage,Storage Product 13,4141.06,7,0.2,173.56,2025,4,April,0.041911974228820634
ORD-100308,2024-12-03,2024-12-04,Same Day,CUST-1211,Customer 1116,Home Office,United States,Tacoma,Washington,90001,South,PROD-1202,Furniture,Chairs,Chairs Product 53,2211.35,5,0.3,-167.91,2024,12,December,-0.07593099238022023
ORD-100309,2025-02-20,2025-02-24,First Class,CUST-1075,Customer 1098,Consumer,United States,Orlando,Florida,85001,East,PROD-1140,Office Supplies,Art Supplies,Art Supplies Product 78,291.56,1,0.3,33.28,2025,2,February,0.11414460145424613
ORD-100310,2024-07-08,2024-07-11,First Class,CUST-1171,Customer 1095,Consumer,United States,Mesa,Arizona,90001,South,PROD-1221,Technology,Phones,Phones Product 40,1017.12,4,0.05,108.43,2024,7,July,0.10660492370615071
ORD-100311,2025-09-05,2025-09-06,Standard Class,CUST-1227,Customer 1115,Home Office,United States,Tacoma,Washington,85001,West,PROD-1149,Office Supplies,Art Supplies,Art Supplies Product 66,2450.65,5,0.1,271.87,2025,9,September,0.11093791443086527
ORD-100312,2025-10-29,2025-11-02,Second Class,CUST-1038,Unknown,Consumer,United States,Rochester,New York,10001,South,PROD-1068,Office Supplies,Art Supplies,Art Supplies Product 49,1206.33,3,0.1,37.58,2025,10,October,0.03115233808327738
ORD-100313,2024-11-03,2024-11-07,Second Class,CUST-1083,Customer 1186,Home Office,United States,Houston,Texas,98101,South,PROD-1184,Office Supplies,Art Supplies,Art Supplies Product 28,937.68,2,0.0,115.57,2024,11,November,0.12325100247419161
ORD-100314,2025-03-22,2025-03-26,First Class,CUST-1137,Customer 1111,Home Office,United States,Houston,Texas,85001,East,PROD-1142,Technology,Accessories,Accessories Product 25,522.0,4,0.05,122.86,2025,3,March,0.2353639846743295
ORD-100315,2025-05-24,2025-05-26,First Class,CUST-1067,Customer 1152,Consumer,United States,Buffalo,New York,10001,Central,PROD-1283,Office Supplies,Binders,Binders Product 15,2605.8,6,0.05,437.52,2025,5,May,0.16790237163251207
ORD-100316,2025-07-09,2025-07-13,First Class,CUST-1176,Customer 1183,Consumer,United States,Los Angeles,California,98101,West,PROD-1066,Office Supplies,Art Supplies,Art Supplies Product 30,939.04,2,0.05,213.57,2025,7,July,0.22743440109047539
ORD-100317,2025-03-08,2025-03-12,Second Class,CUST-1143,Customer 1250,Corporate,United States,Chicago,Illinois,98101,South,PROD-1302,Office Supplies,Binders,Binders Product 25,353.96,4,0.3,-2.97,2025,3,March,-0.008390778619053001
ORD-100318,2024-03-10,2024-03-14,First Class,CUST-1018,Customer 1149,Home Office,United States,San Diego,California,98101,South,PROD-1151,Technology,Printers,Printers Product 64,40.87,1,0.15,5.45,2024,3,March,0.13334964521654027
ORD-100319,2024-12-10,2024-12-15,Second Class,CUST-1237,Customer 1181,Home Office,United States,Dallas,Texas,60601,South,PROD-1237,Office Supplies,Art Supplies,Art Supplies Product 69,75.6,4,0.1,13.4,2024,12,December,0.17724867724867727
ORD-100320,2025-03-24,2025-03-28,First Class,CUST-1090,Customer 1205,Home Office,United States,Tucson,Arizona,85001,East,PROD-1220,Technology,Laptops,Laptops Product 73,1622.44,4,0.1,182.93,2025,3,March,0.11274993220088263
ORD-100321,2025-11-26,2025-11-27,First Class,CUST-1022,Customer 1040,Consumer,United States,Houston,Texas,43215,West,PROD-1321,Office Supplies,Labels,Labels Product 63,728.49,7,0.15,-26.2,2025,11,November,-0.03596480390945655
ORD-100322,2024-11-30,2024-12-01,Standard Class,CUST-1246,Customer 1090,Consumer,United States,Houston,Texas,90001,Central,PROD-1337,Furniture,Tables,Tables Product 78,60.77,1,0.1,4.21,2024,11,November,0.069277604080961
ORD-100323,2025-06-09,2025-06-14,Standard Class,CUST-1159,Customer 1245,Home Office,United States,Buffalo,New York,33101,Central,PROD-1197,Technology,Accessories,Accessories Product 58,707.42,7,0.3,40.93,2025,6,June,0.057858132368324336
ORD-100324,2024-01-26,2024-01-29,Same Day,CUST-1242,Customer 1146,Consumer,United States,San Diego,California,90001,Central,PROD-1013,Technology,Laptops,Laptops Product 7,2208.01,7,0.15,38.52,2024,1,January,0.017445573163165022
ORD-100325,2025-05-05,2025-05-09,Same Day,CUST-1163,Customer 1160,Corporate,United States,Rochester,New York,85001,South,PROD-1317,Office Supplies,Labels,Labels Product 17,3039.47,7,0.0,594.45,2025,5,May,0.19557686043948455
ORD-100326,2024-12-20,2024-12-25,Same Day,CUST-1207,Customer 1239,Corporate,United States,Houston,Texas,33101,South,PROD-1187,Office Supplies,Labels,Labels Product 16,1102.4,4,0.05,156.06,2024,12,December,0.14156386066763424
ORD-100327,2024-10-10,2024-10-13,First Class,CUST-1201,Customer 1231,Consumer,United States,Springfield,Illinois,73301,South,PROD-1071,Furniture,Storage,Storage Product 57,2325.25,5,0.1,94.25,2024,10,October,0.040533275991828835
ORD-100328,2025-10-19,2025-10-21,First Class,CUST-1126,Customer 1173,Home Office,United States,Dallas,Texas,60601,Central,PROD-1122,Office Supplies,Binders,Binders Product 4,888.42,2,0.2,22.72,2025,10,October,0.02557349001598343
ORD-100329,2024-05-25,2024-05-29,Second Class,CUST-1112,Customer 1120,Home Office,United States,Tacoma,Washington,43215,East,PROD-1106,Technology,Laptops,Laptops Product 11,2245.67,7,0.0,256.08,2024,5,May,0.11403278308923394
ORD-100330,2025-03-27,2025-03-30,Second Class,CUST-1193,Customer 1212,Corporate,United States,Mesa,Arizona,85001,East,PROD-1267,Office Supplies,Paper,Paper Product 77,476.7,1,0.2,64.7,2025,3,March,0.13572477449129433
ORD-100331,2024-11-11,2024-11-14,Standard Class,CUST-1073,Customer 1023,Corporate,United States,New York City,New York,10001,West,PROD-1175,Office Supplies,Binders,Binders Product 69,1731.04,4,0.0,248.29,2024,11,November,0.14343400499121914
ORD-100332,2024-01-30,2024-01-31,Second Class,CUST-1206,Customer 1234,Consumer,United States,Mesa,Arizona,98101,Central,PROD-1094,Office Supplies,Art Supplies,Art Supplies Product 41,114.22,1,0.2,7.5,2024,1,January,0.06566275608474872
ORD-100333,2024-04-08,2024-04-09,Same Day,CUST-1126,Customer 1064,Corporate,United States,Buffalo,New York,33101,West,PROD-1298,Technology,Accessories,Accessories Product 54,81.39,3,0.2,12.83,2024,4,April,0.15763607322766926
ORD-100334,2025-06-13,2025-06-14,Same Day,CUST-1235,Customer 1175,Home Office,United States,Phoenix,Arizona,85001,Central,PROD-1076,Office Supplies,Labels,Labels Product 60,90.84,3,0.05,21.78,2025,6,June,0.23976221928665786
ORD-100335,2025-10-03,2025-10-07,Same Day,CUST-1141,Customer 1043,Consumer,United States,Cleveland,Ohio,43215,West,PROD-1292,Technology,Printers,Printers Product 8,375.2,2,0.1,45.35,2025,10,October,0.12086886993603413
ORD-100336,2024-06-23,2024-06-28,Same Day,CUST-1124,Customer 1125,Consumer,United States,Tucson,Arizona,60601,East,PROD-1228,Technology,Accessories,Accessories Product 47,781.24,4,0.3,43.43,2024,6,June,0.05559111156622805
ORD-100337,2025-09-09,2025-09-14,Same Day,CUST-1025,Customer 1070,Home Office,United States,New York City,New York,33101,Central,PROD-1224,Furniture,Storage,Storage Product 16,2629.35,5,0.1,535.32,2025,9,September,0.20359404415539964
ORD-100338,2024-02-14,2024-02-19,Same Day,CUST-1022,Customer 1180,Home Office,United States,Tacoma,Washington,33101,West,PROD-1231,Furniture,Chairs,Chairs Product 19,1370.37,3,0.2,-14.85,2024,2,February,-0.01083648941526741
ORD-100339,2024-11-30,2024-12-05,Same Day,CUST-1087,Customer 1126,Home Office,United States,Tampa,Florida,60601,Central,PROD-1324,Furniture,Tables,Tables Product 44,102.03,1,0.15,-1.75,2024,11,November,-0.01715181809271783
ORD-100340,2025-09-09,2025-09-12,Standard Class,CUST-1085,Customer 1189,Home Office,United States,Houston,Texas,10001,East,PROD-1181,Furniture,Chairs,Chairs Product 32,4498.27,7,0.1,115.04,2025,9,September,0.025574276332901314
ORD-100341,2024-05-09,2024-05-14,First Class,CUST-1107,Customer 1088,Consumer,United States,Orlando,Florida,10001,East,PROD-1341,Furniture,Bookcases,Bookcases Product 4,445.44,2,0.0,71.35,2024,5,May,0.16017869971264367
ORD-100342,2025-08-29,2025-09-02,Standard Class,CUST-1106,Customer 1199,Corporate,United States,Cleveland,Ohio,73301,South,PROD-1260,Office Supplies,Binders,Binders Product 19,579.76,1,0.15,2.49,2025,8,August,0.0042948806402649375
ORD-100343,2024-06-19,2024-06-22,Standard Class,CUST-1182,Customer 1194,Consumer,United States,Tucson,Arizona,85001,Central,PROD-1316,Furniture,Bookcases,Bookcases Product 54,1656.93,3,0.15,-10.06,2024,6,June,-0.0060714695249648445
ORD-100344,2024-04-05,2024-04-10,Same Day,CUST-1105,Customer 1118,Corporate,United States,Seattle,Washington,43215,West,PROD-1246,Furniture,Storage,Storage Product 22,1540.35,5,0.05,105.51,2024,4,April,0.06849741941766482
ORD-100345,2024-10-09,2024-10-13,Same Day,CUST-1073,Customer 1076,Corporate,United States,Austin,Texas,90001,Central,PROD-1226,Technology,Printers,Printers Product 48,648.03,1,0.05,100.51,2024,10,October,0.15510084409672392
ORD-100346,2025-03-10,2025-03-11,Second Class,CUST-1194,Customer 1029,Home Office,United States,Houston,Texas,33101,West,PROD-1156,Office Supplies,Art Supplies,Art Supplies Product 24,1896.28,4,0.3,-102.35,2025,3,March,-0.053974096652393104
ORD-100347,2025-10-19,2025-10-23,Standard Class,CUST-1164,Customer 1022,Corporate,United States,Tacoma,Washington,43215,South,PROD-1217,Technology,Accessories,Accessories Product 33,3135.18,6,0.05,345.13,2025,10,October,0.11008299363991861
ORD-100348,2024-10-20,2024-10-23,Standard Class,CUST-1196,Customer 1149,Home Office,United States,Orlando,Florida,98101,East,PROD-1206,Technology,Printers,Printers Product 70,521.46,3,0.2,-2.47,2024,10,October,-0.00473670080159552
ORD-100349,2024-11-12,2024-11-16,Second Class,CUST-1005,Customer 1109,Home Office,United States,Cleveland,Ohio,33101,East,PROD-1104,Technology,Phones,Phones Product 78,647.92,7,0.15,116.19,2024,11,November,0.17932769477713298
ORD-100350,2024-10-13,2024-10-18,First Class,CUST-1212,Customer 1035,Consumer,United States,Los Angeles,California,90001,West,PROD-1326,Office Supplies,Labels,Labels Product 25,718.53,3,0.1,14.78,2024,10,October,0.020569774400512157
ORD-100351,2025-05-22,2025-05-25,First Class,CUST-1239,Customer 1054,Home Office,United States,Houston,Texas,60601,Central,PROD-1218,Office Supplies,Binders,Binders Product 16,495.93,3,0.0,57.32,2025,5,May,0.11558082793942694
ORD-100352,2024-07-11,2024-07-16,Same Day,CUST-1070,Customer 1008,Consumer,United States,Spokane,Washington,85001,East,PROD-1161,Office Supplies,Art Supplies,Art Supplies Product 3,1544.13,7,0.0,211.0,2024,7,July,0.13664652587541204
ORD-100353,2024-10-02,2024-10-05,Standard Class,CUST-1171,Customer 1141,Consumer,United States,New York City,New York,33101,West,PROD-1086,Office Supplies,Paper,Paper Product 52,525.01,1,0.1,55.12,2024,10,October,0.10498847640997314
ORD-100354,2024-02-12,2024-02-15,Second Class,CUST-1151,Customer 1043,Consumer,United States,Springfield,Illinois,33101,West,PROD-1020,Office Supplies,Paper,Paper Product 56,468.63,3,0.05,64.74,2024,2,February,0.13814736572562575
ORD-100355,2024-07-25,2024-07-28,First Class,CUST-1038,Customer 1098,Home Office,United States,Cincinnati,Ohio,10001,South,PROD-1230,Office Supplies,Art Supplies,Art Supplies Product 42,381.85,7,0.1,52.72,2024,7,July,0.13806468508576666
ORD-100356,2024-02-21,2024-02-25,Standard Class,CUST-1140,Customer 1154,Corporate,United States,Mesa,Arizona,98101,South,PROD-1051,Technology,Laptops,Laptops Product 37,3492.84,6,0.1,708.55,2024,2,February,0.20285784633707812
ORD-100357,2024-09-25,2024-09-29,First Class,CUST-1224,Customer 1049,Home Office,United States,Phoenix,Arizona,98101,Central,PROD-1011,Furniture,Chairs,Chairs Product 54,543.58,1,0.3,-24.72,2024,9,September,-0.045476286839103715
ORD-100358,2025-05-12,2025-05-17,First Class,CUST-1097,Customer 1164,Corporate,United States,Peoria,Illinois,98101,East,PROD-1286,Technology,Laptops,Laptops Product 17,1527.48,4,0.0,199.61,2025,5,May,0.13067928876319168
ORD-100359,2025-05-14,2025-05-17,Second Class,CUST-1106,Customer 1047,Consumer,United States,Tacoma,Washington,85001,Central,PROD-1244,Office Supplies,Art Supplies,Art Supplies Product 38,2843.75,5,0.3,247.37,2025,5,May,0.08698725274725275
ORD-100360,2024-10-04,2024-10-05,First Class,CUST-1240,Customer 1125,Corporate,United States,Austin,Texas,98101,East,PROD-1308,Office Supplies,Paper,Paper Product 33,621.01,1,0.0,51.75,2024,10,October,0.08333199143331026
ORD-100361,2025-05-30,2025-05-31,First Class,CUST-1222,Customer 1178,Consumer,United States,Springfield,Illinois,60601,East,PROD-1008,Technology,Printers,Printers Product 24,407.54,1,0.3,-45.21,2025,5,May,-0.11093389605928253
ORD-100362,2024-10-09,2024-10-12,First Class,CUST-1187,Customer 1031,Consumer,United States,Austin,Texas,90001,East,PROD-1304,Office Supplies,Art Supplies,Art Supplies Product 46,639.9,6,0.15,18.31,2024,10,October,0.02861384591342397
ORD-100363,2025-10-05,2025-10-09,Second Class,CUST-1036,Customer 1018,Corporate,United States,Columbus,Ohio,60601,East,PROD-1253,Furniture,Storage,Storage Product 1,378.96,6,0.1,66.29,2025,10,October,0.17492611357399201
ORD-100364,2024-03-30,2024-04-02,Standard Class,CUST-1146,Customer 1095,Corporate,United States,Austin,Texas,60601,Central,PROD-1249,Office Supplies,Binders,Binders Product 42,1317.3,5,0.15,-43.25,2024,3,March,-0.03283230850983072
ORD-100365,2024-06-03,2024-06-08,Standard Class,CUST-1235,Customer 1190,Consumer,United States,Springfield,Illinois,43215,Central,PROD-1180,Technology,Accessories,Accessories Product 44,4471.95,7,0.2,-299.18,2024,6,June,-0.06690146356734758
ORD-100366,2025-11-13,2025-11-17,First Class,CUST-1095,Customer 1122,Home Office,United States,Rochester,New York,33101,East,PROD-1210,Furniture,Tables,Tables Product 68,512.98,2,0.2,75.58,2025,11,November,0.14733517875940583
ORD-100367,2025-03-25,2025-03-26,Standard Class,CUST-1055,Customer 1144,Home Office,United States,Springfield,Illinois,98101,East,PROD-1224,Technology,Accessories,Accessories Product 51,2435.08,4,0.05,488.86,2025,3,March,0.2007572646483894
ORD-100368,2025-03-04,2025-03-07,Second Class,CUST-1039,Customer 1122,Home Office,United States,San Diego,California,43215,West,PROD-1123,Office Supplies,Paper,Paper Product 3,300.12,6,0.2,34.0,2025,3,March,0.1132880181260829
ORD-100369,2024-02-04,2024-02-07,First Class,CUST-1136,Customer 1008,Home Office,United States,Miami,Florida,73301,South,PROD-1175,Office Supplies,Binders,Binders Product 4,1546.2,6,0.3,-3.39,2024,2,February,-0.0021924718665114473
ORD-100370,2024-05-15,2024-05-19,Second Class,CUST-1077,Customer 1245,Consumer,United States,New York City,New York,43215,East,PROD-1327,Office Supplies,Paper,Paper Product 41,2408.35,7,0.1,471.38,2024,5,May,0.19572736520854528
ORD-100371,2025-03-03,2025-03-04,Standard Class,CUST-1050,Customer 1012,Consumer,United States,Los Angeles,California,90001,South,PROD-1154,Furniture,Storage,Storage Product 78,222.79,1,0.3,-3.56,2025,3,March,-0.015979173212442212
ORD-100372,2024-06-19,2024-06-24,First Class,CUST-1078,Customer 1028,Corporate,United States,San Jose,California,10001,South,PROD-1319,Technology,Printers,Printers Product 57,2691.54,6,0.1,-10.03,2024,6,June,-0.0037264911537632727
ORD-100373,2024-05-16,2024-05-18,Same Day,CUST-1067,Customer 1154,Corporate,United States,Rochester,New York,85001,South,PROD-1094,Office Supplies,Art Supplies,Art Supplies Product 45,1527.2,4,0.15,-0.0,2024,5,May,-0.0
ORD-100374,2025-01-01,2025-01-05,First Class,CUST-1205,Customer 1114,Home Office,United States,San Diego,California,90001,East,PROD-1203,Technology,Phones,Phones Product 19,888.54,2,0.2,39.11,2025,1,January,0.04401602629031895
ORD-100375,2024-01-14,2024-01-17,First Class,CUST-1214,Customer 1151,Corporate,United States,Springfield,Illinois,10001,Central,PROD-1076,Office Supplies,Labels,Labels Product 55,2867.4,6,0.0,548.74,2024,1,January,0.191371974611146
ORD-100376,2025-11-22,2025-11-24,First Class,CUST-1227,Customer 1168,Corporate,United States,Rochester,New York,60601,Central,PROD-1343,Office Supplies,Paper,Paper Product 54,638.1,5,0.2,61.32,2025,11,November,0.09609779031499764
ORD-100377,2025-03-19,2025-03-24,Second Class,CUST-1232,Customer 1085,Consumer,United States,Tampa,Florida,90001,West,PROD-1134,Furniture,Storage,Storage Product 23,484.3,5,0.15,64.29,2025,3,March,0.13274829651042744
ORD-100378,2024-12-17,2024-12-18,Standard Class,CUST-1057,Customer 1103,Home Office,United States,Cincinnati,Ohio,10001,West,PROD-1088,Office Supplies,Art Supplies,Art Supplies Product 47,3665.22,6,0.05,552.14,2024,12,December,0.15064307190291443
ORD-100379,2025-03-07,2025-03-12,Standard Class,CUST-1031,Customer 1021,Corporate,United States,Cleveland,Ohio,85001,South,PROD-1301,Office Supplies,Binders,Binders Product 77,1832.72,4,0.1,278.19,2025,3,March,0.15179078091579729
ORD-100380,2025-09-20,2025-09-22,Second Class,CUST-1041,Customer 1134,Home Office,United States,Miami,Florida,90001,West,PROD-1038,Technology,Laptops,Laptops Product 6,1577.4,4,0.0,132.28,2025,9,September,0.08385951565867883
ORD-100381,2024-06-16,2024-06-19,Second Class,CUST-1192,Customer 1241,Consumer,United States,Tacoma,Washington,85001,West,PROD-1035,Technology,Laptops,Laptops Product 62,369.81,3,0.1,-0.14,2024,6,June,-0.0003785727806170737
ORD-100382,2025-05-22,2025-05-27,First Class,CUST-1151,Customer 1211,Consumer,United States,Los Angeles,California,85001,Central,PROD-1329,Technology,Printers,Printers Product 1,2281.2,6,0.0,264.3,2025,5,May,0.11586007364544977
ORD-100383,2025-03-14,2025-03-19,Second Class,CUST-1070,Customer 1096,Consumer,United States,San Diego,California,85001,East,PROD-1039,Furniture,Bookcases,Bookcases Product 31,414.98,2,0.2,30.12,2025,3,March,0.07258181117162273
ORD-100384,2024-09-30,2024-10-04,First Class,CUST-1168,Customer 1009,Consumer,United States,Seattle,Washington,90001,Central,PROD-1209,Furniture,Tables,Tables Product 16,85.28,4,0.2,10.65,2024,9,September,0.1248827392120075
ORD-100385,2024-09-03,2024-09-08,Standard Class,CUST-1004,Customer 1170,Consumer,United States,Los Angeles,California,73301,West,PROD-1095,Office Supplies,Labels,Labels Product 8,1861.05,5,0.05,418.96,2024,9,September,0.22512022782837646
ORD-100386,2025-06-04,2025-06-06,Standard Class,CUST-1164,Customer 1120,Consumer,United States,Cleveland,Ohio,33101,West,PROD-1074,Office Supplies,Art Supplies,Art Supplies Product 73,1052.7,6,0.1,212.41,2025,6,June,0.2017763845350052
ORD-100387,2025-09-06,2025-09-09,Standard Class,CUST-1247,Customer 1223,Consumer,United States,Spokane,Washington,43215,Central,PROD-1276,Office Supplies,Binders,Binders Product 55,457.94,7,0.2,1.29,2025,9,September,0.002816962920906669
ORD-100388,2024-01-13,2024-01-16,Second Class,CUST-1099,Customer 1082,Home Office,United States,Houston,Texas,98101,South,PROD-1192,Technology,Phones,Phones Product 69,757.78,2,0.05,141.53,2024,1,January,0.18676924701100583
ORD-100389,2025-01-01,2025-01-02,Same Day,CUST-1183,Customer 1035,Home Office,United States,Rochester,New York,98101,West,PROD-1100,Office Supplies,Binders,Binders Product 7,3070.8,6,0.0,395.69,2025,1,January,0.1288556727888498
ORD-100390,2024-05-23,2024-05-27,Same Day,CUST-1244,Customer 1083,Corporate,United States,Los Angeles,California,90001,East,PROD-1173,Furniture,Bookcases,Bookcases Product 77,1278.27,7,0.1,57.07,2024,5,May,0.04464627973745766
ORD-100391,2025-07-01,2025-07-06,Second Class,CUST-1153,Customer 1183,Consumer,United States,Dallas,Texas,98101,South,PROD-1331,Office Supplies,Labels,Labels Product 26,593.74,1,0.05,142.09,2025,7,July,0.23931350422743963
ORD-100392,2024-10-10,2024-10-12,Same Day,CUST-1021,Customer 1054,Home Office,United States,Tacoma,Washington,98101,East,PROD-1328,Office Supplies,Labels,Labels Product 51,375.03,3,0.2,-13.89,2024,10,October,-0.03703703703703704
ORD-100393,2025-09-12,2025-09-15,First Class,CUST-1246,Customer 1237,Home Office,United States,Columbus,Ohio,10001,West,PROD-1219,Furniture,Bookcases,Bookcases Product 71,393.42,1,0.3,-25.35,2025,9,September,-0.06443495500991307
ORD-100394,2024-10-24,2024-10-27,First Class,CUST-1209,Customer 1227,Consumer,United States,Rochester,New York,85001,South,PROD-1003,Office Supplies,Paper,Paper Product 47,2089.0,5,0.15,200.92,2024,10,October,0.09617999042604117
ORD-100395,2025-03-22,2025-03-26,First Class,CUST-1082,Customer 1050,Corporate,United States,Orlando,Florida,98101,Central,PROD-1335,Furniture,Bookcases,Bookcases Product 79,3001.8,5,0.0,339.26,2025,3,March,0.11301885535345459
ORD-100396,2024-09-03,2024-09-08,Same Day,CUST-1222,Customer 1116,Consumer,United States,Cleveland,Ohio,60601,West,PROD-1034,Furniture,Bookcases,Bookcases Product 62,1195.11,7,0.2,1.89,2024,9,September,0.0015814443858724301
ORD-100397,2024-12-14,2024-12-19,Standard Class,CUST-1038,Customer 1014,Home Office,United States,Seattle,Washington,98101,Central,PROD-1209,Office Supplies,Art Supplies,Art Supplies Product 78,237.68,2,0.2,-14.74,2024,12,December,-0.062016156176371594
ORD-100398,2024-12-05,2024-12-07,Second Class,CUST-1128,Customer 1113,Home Office,United States,Seattle,Washington,90001,South,PROD-1130,Technology,Printers,Printers Product 4,1370.15,5,0.3,-106.91,2024,12,December,-0.07802795314381636
ORD-100399,2025-01-24,2025-01-27,Standard Class,CUST-1165,Customer 1232,Consumer,United States,Dallas,Texas,60601,Central,PROD-1185,Technology,Laptops,Laptops Product 66,647.28,1,0.2,-4.98,2025,1,January,-0.007693733778272155
ORD-100400,2025-12-26,2025-12-27,Second Class,CUST-1071,Customer 1193,Home Office,United States,Orlando,Florida,90001,West,PROD-1216,Technology,Laptops,Laptops Product 4,3219.48,6,0.2,-132.36,2025,12,December,-0.04111222930411123
ORD-100401,2024-02-28,2024-03-03,Second Class,CUST-1062,Customer 1208,Corporate,United States,Rochester,New York,43215,Central,PROD-1056,Technology,Accessories,Accessories Product 13,470.54,1,0.0,103.45,2024,2,February,0.21985378501296382
ORD-100402,2024-08-16,2024-08-18,First Class,CUST-1182,Customer 1243,Corporate,United States,Chicago,Illinois,73301,Central,PROD-1314,Furniture,Tables,Tables Product 68,1329.06,3,0.05,296.5,2024,8,August,0.2230900034610928
ORD-100403,2025-09-09,2025-09-13,Second Class,CUST-1049,Customer 1052,Corporate,United States,Tucson,Arizona,10001,West,PROD-1334,Office Supplies,Labels,Labels Product 9,3453.94,7,0.3,216.91,2025,9,September,0.06280074349872898
ORD-100404,2025-03-10,2025-03-11,Second Class,CUST-1241,Customer 1113,Home Office,United States,Orlando,Florida,43215,East,PROD-1319,Office Supplies,Labels,Labels Product 57,70.98,3,0.15,11.08,2025,3,March,0.1561003099464638
ORD-100405,2024-10-12,2024-10-15,Standard Class,CUST-1042,Customer 1098,Consumer,United States,Buffalo,New York,43215,Central,PROD-1112,Office Supplies,Art Supplies,Art Supplies Product 18,2854.15,5,0.15,432.08,2024,10,October,0.15138657743986825
ORD-100406,2025-02-01,2025-02-04,Same Day,CUST-1119,Customer 1147,Consumer,United States,San Diego,California,33101,Central,PROD-1291,Office Supplies,Binders,Binders Product 1,817.74,7,0.3,77.52,2025,2,February,0.09479785750972192
ORD-100407,2024-11-16,2024-11-20,First Class,CUST-1061,Customer 1054,Corporate,United States,Seattle,Washington,85001,South,PROD-1065,Technology,Phones,Phones Product 74,948.06,3,0.2,129.23,2024,11,November,0.13630993818956605
ORD-100408,2025-06-18,2025-06-23,Same Day,CUST-1206,Customer 1078,Home Office,United States,San Jose,California,85001,East,PROD-1002,Office Supplies,Paper,Paper Product 10,973.7,7,0.15,26.15,2025,6,June,0.02685632124884461
ORD-100409,2025-10-13,2025-10-18,Second Class,CUST-1198,Customer 1211,Corporate,United States,Los Angeles,California,98101,West,PROD-1097,Furniture,Chairs,Chairs Product 23,2578.26,6,0.0,502.58,2025,10,October,0.1949299139729895
ORD-100410,2024-02-13,2024-02-16,Standard Class,CUST-1069,Customer 1061,Corporate,United States,Peoria,Illinois,43215,Central,PROD-1097,Office Supplies,Binders,Binders Product 38,710.34,3,0.15,0.34,2024,2,February,0.0004786440296196188
ORD-100411,2024-06-02,2024-06-03,Standard Class,CUST-1151,Customer 1071,Home Office,United States,Seattle,Washington,73301,South,PROD-1287,Office Supplies,Art Supplies,Art Supplies Product 43,1237.35,3,0.2,-43.25,2024,6,June,-0.034953731765466525
ORD-100412,2024-09-26,2024-09-28,Second Class,CUST-1228,Customer 1149,Corporate,United States,Los Angeles,California,33101,West,PROD-1097,Office Supplies,Paper,Paper Product 74,1670.16,4,0.05,80.4,2024,9,September,0.04813910044546631
ORD-100413,2025-12-16,2025-12-17,Same Day,CUST-1238,Customer 1187,Corporate,United States,Cleveland,Ohio,73301,Central,PROD-1127,Office Supplies,Labels,Labels Product 36,347.64,1,0.3,25.29,2025,12,December,0.07274767000345185
ORD-100414,2025-08-23,2025-08-25,Standard Class,CUST-1101,Customer 1176,Home Office,United States,Peoria,Illinois,60601,Central,PROD-1041,Furniture,Bookcases,Bookcases Product 45,1925.63,7,0.05,170.16,2025,8,August,0.08836588545047594
ORD-100415,2025-12-28,2025-12-29,Same Day,CUST-1081,Customer 1017,Consumer,United States,Los Angeles,California,73301,South,PROD-1094,Furniture,Storage,Storage Product 40,2768.05,5,0.0,273.85,2025,12,December,0.09893246148010332
ORD-100416,2025-11-25,2025-11-27,Same Day,CUST-1212,Customer 1101,Consumer,United States,Chicago,Illinois,73301,West,PROD-1073,Furniture,Bookcases,Bookcases Product 14,1827.25,5,0.2,256.52,2025,11,November,0.14038582569434943
ORD-100417,2025-02-07,2025-02-10,First Class,CUST-1220,Customer 1229,Home Office,United States,Cleveland,Ohio,10001,Central,PROD-1026,Technology,Phones,Phones Product 26,4018.07,7,0.0,463.57,2025,2,February,0.11537131010659346
ORD-100418,2024-12-03,2024-12-04,Same Day,CUST-1161,Customer 1076,Consumer,United States,Miami,Florida,85001,East,PROD-1131,Furniture,Tables,Tables Product 49,667.15,5,0.0,172.32,2024,12,December,0.2582927377651203
ORD-100419,2025-09-21,2025-09-26,Second Class,CUST-1062,Customer 1129,Consumer,United States,New York City,New York,90001,Central,PROD-1118,Office Supplies,Binders,Binders Product 16,1598.94,7,0.15,241.0,2025,9,September,0.15072485521658097
ORD-100420,2024-05-13,2024-05-15,Second Class,CUST-1078,Customer 1199,Consumer,United States,Peoria,Illinois,73301,West,PROD-1301,Furniture,Storage,Storage Product 63,523.76,4,0.0,48.5,2024,5,May,0.09259966396822973
ORD-100421,2025-04-03,2025-04-05,Same Day,CUST-1161,Customer 1013,Corporate,United States,Miami,Florida,85001,Central,PROD-1098,Office Supplies,Art Supplies,Art Supplies Product 26,568.98,2,0.3,-30.2,2025,4,April,-0.05307743681675981
ORD-100422,2025-04-01,2025-04-05,Second Class,CUST-1084,Customer 1020,Home Office,United States,Tucson,Arizona,98101,East,PROD-1183,Technology,Printers,Printers Product 12,1166.34,7,0.0,281.54,2025,4,April,0.24138758852478698
ORD-100423,2024-12-04,2024-12-08,Second Class,CUST-1018,Customer 1012,Home Office,United States,Orlando,Florida,98101,Central,PROD-1051,Furniture,Storage,Storage Product 71,1219.26,2,0.3,-132.38,2024,12,December,-0.10857405311418401
ORD-100424,2025-07-18,2025-07-21,Second Class,CUST-1069,Customer 1023,Consumer,United States,Tampa,Florida,60601,West,PROD-1271,Office Supplies,Binders,Binders Product 3,197.28,3,0.1,29.26,2025,7,July,0.14831711273317114
ORD-100425,2025-02-08,2025-02-13,First Class,CUST-1119,Customer 1014,Home Office,United States,San Diego,California,98101,Central,PROD-1140,Technology,Accessories,Accessories Product 38,2728.55,5,0.3,220.75,2025,2,February,0.08090377673123086
ORD-100426,2025-06-05,2025-06-08,Standard Class,CUST-1012,Customer 1103,Corporate,United States,Houston,Texas,60601,Central,PROD-1106,Office Supplies,Binders,Binders Product 4,153.36,2,0.1,8.84,2025,6,June,0.05764214919144496
ORD-100427,2024-01-12,2024-01-15,First Class,CUST-1191,Customer 1185,Home Office,United States,Buffalo,New York,33101,West,PROD-1002,Furniture,Chairs,Chairs Product 8,472.08,1,0.3,-37.25,2024,1,January,-0.07890611760718523
ORD-100428,2025-06-05,2025-06-09,Standard Class,CUST-1014,Customer 1240,Corporate,United States,Miami,Florida,73301,West,PROD-1342,Furniture,Bookcases,Bookcases Product 21,2628.5,5,0.15,-58.11,2025,6,June,-0.022107665969183943
ORD-100429,2024-05-14,2024-05-19,Same Day,CUST-1086,Customer 1044,Corporate,United States,Cincinnati,Ohio,43215,Central,PROD-1145,Furniture,Tables,Tables Product 51,221.19,1,0.3,16.75,2024,5,May,0.07572675075726751
ORD-100430,2024-09-22,2024-09-23,First Class,CUST-1018,Customer 1184,Consumer,United States,Mesa,Arizona,33101,South,PROD-1304,Furniture,Tables,Tables Product 42,1712.45,5,0.2,-4.24,2024,9,September,-0.00247598470028322
ORD-100431,2024-06-28,2024-06-30,Standard Class,CUST-1180,Customer 1232,Corporate,United States,Seattle,Washington,43215,West,PROD-1287,Office Supplies,Binders,Binders Product 64,103.04,2,0.05,12.82,2024,6,June,0.12441770186335403
ORD-100432,2024-09-14,2024-09-17,First Class,CUST-1114,Customer 1246,Corporate,United States,Los Angeles,California,98101,Central,PROD-1088,Office Supplies,Art Supplies,Art Supplies Product 72,152.32,2,0.2,-9.2,2024,9,September,-0.06039915966386555
ORD-100433,2024-12-08,2024-12-12,Standard Class,CUST-1175,Customer 1013,Consumer,United States,Miami,Florida,33101,Central,PROD-1210,Technology,Accessories,Accessories Product 19,2582.8,4,0.05,633.61,2024,12,December,0.24531903360693819
ORD-100434,2025-12-20,2025-12-22,Standard Class,CUST-1112,Customer 1005,Corporate,United States,Buffalo,New York,98101,Central,PROD-1013,Furniture,Bookcases,Bookcases Product 29,73.02,1,0.05,1.9,2025,12,December,0.026020268419611067
ORD-100435,2025-11-28,2025-12-02,Second Class,CUST-1077,Customer 1229,Corporate,United States,Mesa,Arizona,33101,Central,PROD-1127,Office Supplies,Binders,Binders Product 7,983.26,2,0.05,16.07,2025,11,November,0.016343591725484614
ORD-100436,2024-09-10,2024-09-13,Second Class,CUST-1052,Customer 1077,Consumer,United States,Mesa,Arizona,60601,Central,PROD-1178,Furniture,Tables,Tables Product 15,2094.8,4,0.2,123.51,2024,9,September,0.058960282604544584
ORD-100437,2024-02-09,2024-02-10,Same Day,CUST-1011,Customer 1108,Corporate,United States,Cincinnati,Ohio,60601,West,PROD-1151,Furniture,Storage,Storage Product 40,1774.16,4,0.15,246.69,2024,2,February,0.1390460837804933
ORD-100438,2024-07-07,2024-07-11,Same Day,CUST-1090,Customer 1101,Consumer,United States,Buffalo,New York,33101,West,PROD-1012,Technology,Laptops,Laptops Product 69,1984.29,7,0.2,12.5,2024,7,July,0.00629948243452318
ORD-100439,2024-07-15,2024-07-20,Same Day,CUST-1058,Customer 1078,Home Office,United States,Spokane,Washington,73301,Central,PROD-1324,Furniture,Storage,Storage Product 53,1217.56,2,0.2,44.89,2024,7,July,0.03686881960642597
ORD-100440,2024-07-18,2024-07-23,Standard Class,CUST-1083,Customer 1182,Home Office,United States,Phoenix,Arizona,73301,South,PROD-1004,Technology,Laptops,Laptops Product 18,3024.8,5,0.05,61.37,2024,7,July,0.02028894472361809
ORD-100441,2025-02-23,2025-02-26,First Class,CUST-1063,Customer 1121,Home Office,United States,Orlando,Florida,73301,West,PROD-1260,Technology,Laptops,Laptops Product 41,1446.15,5,0.2,193.96,2025,2,February,0.13412163330221621
ORD-100442,2024-01-28,2024-01-30,Standard Class,CUST-1167,Customer 1096,Corporate,United States,Austin,Texas,90001,South,PROD-1251,Office Supplies,Paper,Paper Product 35,1203.42,2,0.15,35.48,2024,1,January,0.029482641139419317
ORD-100443,2024-03-30,2024-04-02,Standard Class,CUST-1068,Customer 1199,Home Office,United States,Spokane,Washington,73301,West,PROD-1232,Furniture,Tables,Tables Product 31,228.25,1,0.3,-24.29,2024,3,March,-0.1064184008762322
ORD-100444,2025-09-01,2025-09-02,First Class,CUST-1205,Customer 1143,Home Office,United States,Mesa,Arizona,33101,South,PROD-1195,Office Supplies,Art Supplies,Art Supplies Product 49,4147.78,7,0.15,181.81,2025,9,September,0.04383308661500852
ORD-100445,2024-02-13,2024-02-17,Same Day,CUST-1165,Customer 1149,Home Office,United States,Mesa,Arizona,90001,Central,PROD-1037,Office Supplies,Paper,Paper Product 77,1069.67,7,0.3,9.46,2024,2,February,0.008843849037553638
ORD-100446,2024-07-24,2024-07-29,Same Day,CUST-1007,Customer 1249,Consumer,United States,Springfield,Illinois,33101,East,PROD-1034,Office Supplies,Binders,Binders Product 66,2036.52,6,0.15,294.71,2024,7,July,0.14471254885785556
ORD-100447,2024-10-23,2024-10-26,Same Day,CUST-1128,Customer 1179,Consumer,United States,Dallas,Texas,85001,West,PROD-1092,Technology,Laptops,Laptops Product 78,227.4,5,0.05,27.97,2024,10,October,0.12299912049252418
ORD-100448,2024-05-24,2024-05-29,Same Day,CUST-1166,Customer 1171,Home Office,United States,Chicago,Illinois,10001,South,PROD-1306,Technology,Accessories,Accessories Product 33,122.05,5,0.3,-1.56,2024,5,May,-0.012781646866038509
ORD-100449,2025-03-21,2025-03-23,First Class,CUST-1006,Customer 1057,Consumer,United States,Phoenix,Arizona,43215,Central,PROD-1219,Technology,Accessories,Accessories Product 21,2586.45,5,0.15,186.16,2025,3,March,0.071975101007172
ORD-100450,2025-01-06,2025-01-11,Second Class,CUST-1175,Customer 1198,Consumer,United States,Tucson,Arizona,60601,East,PROD-1193,Office Supplies,Art Supplies,Art Supplies Product 3,1444.72,4,0.0,390.26,2025,1,January,0.2701284677999889
ORD-100451,2025-07-05,2025-07-09,Same Day,CUST-1172,Customer 1109,Corporate,United States,New York City,New York,60601,South,PROD-1198,Furniture,Chairs,Chairs Product 77,1433.22,3,0.2,75.26,2025,7,July,0.05251112878692734
ORD-100452,2025-05-23,2025-05-25,First Class,CUST-1020,Customer 1073,Consumer,United States,Los Angeles,California,10001,East,PROD-1258,Technology,Laptops,Laptops Product 63,1220.42,2,0.3,-105.26,2025,5,May,-0.0862489962471936
ORD-100453,2025-02-26,2025-03-02,Same Day,CUST-1173,Customer 1132,Corporate,United States,New York City,New York,90001,West,PROD-1158,Furniture,Storage,Storage Product 76,390.86,2,0.1,16.34,2025,2,February,0.04180524996162308
ORD-100454,2025-10-25,2025-10-29,Second Class,CUST-1017,Customer 1030,Home Office,United States,Tampa,Florida,10001,East,PROD-1209,Technology,Phones,Phones Product 1,1202.88,6,0.05,300.92,2025,10,October,0.25016626762436817
ORD-100455,2024-09-27,2024-09-30,First Class,CUST-1109,Customer 1076,Consumer,United States,Miami,Florida,60601,West,PROD-1109,Office Supplies,Art Supplies,Art Supplies Product 1,1283.6,4,0.2,68.45,2024,9,September,0.05332658148956062
ORD-100456,2024-04-05,2024-04-08,standard class,CUST-1018,Customer 1167,Consumer,United States,Rochester,New York,60601,Central,PROD-1072,Furniture,Bookcases,Bookcases Product 54,768.96,6,0.3,-13.9,2024,4,April,-0.018076362879733666
ORD-100457,2025-02-05,2025-02-08,First Class,CUST-1082,Customer 1133,Corporate,United States,Austin,Texas,33101,Central,PROD-1004,Office Supplies,Binders,Binders Product 39,1216.56,4,0.0,301.82,2025,2,February,0.24809298349444336
ORD-100458,2024-08-22,2024-08-26,First Class,CUST-1088,Customer 1217,Consumer,United States,Orlando,Florida,43215,West,PROD-1140,Technology,Printers,Printers Product 5,2704.8,6,0.15,34.56,2024,8,August,0.012777284826974268
ORD-100459,2025-10-19,2025-10-20,Same Day,CUST-1071,Customer 1062,Consumer,United States,Spokane,Washington,43215,East,PROD-1252,Furniture,Tables,Tables Product 34,591.46,2,0.3,17.06,2025,10,October,0.028843877861562908
ORD-100460,2024-11-09,2024-11-11,Standard Class,CUST-1242,Customer 1160,Home Office,United States,Seattle,Washington,10001,Central,PROD-1342,Furniture,Tables,Tables Product 74,439.8,3,0.15,53.84,2024,11,November,0.1224192814915871
ORD-100461,2025-11-18,2025-11-19,Same Day,CUST-1134,Customer 1211,Consumer,United States,Chicago,Illinois,85001,Central,PROD-1219,Office Supplies,Labels,Labels Product 77,407.71,1,0.05,17.39,2025,11,November,0.04265286600770156
ORD-100462,2025-05-30,2025-06-02,First Class,CUST-1056,Customer 1108,Consumer,United States,Tucson,Arizona,85001,West,PROD-1324,Office Supplies,Paper,Paper Product 46,836.7,3,0.15,12.97,2025,5,May,0.015501374447233178
ORD-100463,2025-02-23,2025-02-28,Same Day,CUST-1066,Customer 1052,Home Office,United States,Buffalo,New York,10001,Central,PROD-1022,Furniture,Chairs,Chairs Product 55,50.86,1,0.0,14.15,2025,2,February,0.2782147070389304
ORD-100464,2025-01-30,2025-02-04,Standard Class,CUST-1012,Customer 1013,Corporate,United States,Orlando,Florida,90001,West,PROD-1040,Office Supplies,Labels,Labels Product 45,2270.4,5,0.2,-36.24,2025,1,January,-0.015961945031712475
ORD-100465,2025-12-30,2026-01-01,Same Day,CUST-1162,Customer 1067,Home Office,United States,Phoenix,Arizona,10001,West,PROD-1327,Office Supplies,Labels,Labels Product 66,1418.31,3,0.2,94.51,2025,12,December,0.06663564382962822
ORD-100466,2025-04-08,2025-04-13,First Class,CUST-1091,Customer 1238,Corporate,United States,Columbus,Ohio,98101,Central,PROD-1214,Furniture,Chairs,Chairs Product 79,365.44,1,0.0,54.53,2025,4,April,0.14921738178633975
ORD-100467,2024-02-18,2024-02-20,Second Class,CUST-1118,Customer 1117,Consumer,United States,Phoenix,Arizona,98101,East,PROD-1320,Technology,Phones,Phones Product 10,725.72,4,0.05,101.16,2024,2,February,0.13939260320784874
ORD-100468,2024-03-27,2024-03-31,Second Class,CUST-1094,Customer 1141,Consumer,United States,Buffalo,New York,85001,East,PROD-1325,Office Supplies,Binders,Binders Product 53,77.85,1,0.3,-7.01,2024,3,March,-0.09004495825305074
ORD-100469,2024-11-09,2024-11-12,Second Class,CUST-1197,Customer 1215,Corporate,United States,Miami,Florida,60601,East,PROD-1224,Office Supplies,Paper,Paper Product 26,217.3,5,0.05,49.62,2024,11,November,0.22834790612057063
ORD-100470,2024-06-30,2024-07-05,Same Day,CUST-1011,Customer 1097,Corporate,United States,Los Angeles,California,73301,East,PROD-1021,Office Supplies,Labels,Labels Product 39,604.2,5,0.15,41.61,2024,6,June,0.06886792452830189
ORD-100471,2025-08-25,2025-08-28,First Class,CUST-1159,Customer 1156,Home Office,United States,Tacoma,Washington,90001,West,PROD-1043,Office Supplies,Binders,Binders Product 67,2145.32,4,0.05,479.56,2025,8,August,0.22353774728245668
ORD-100472,2024-05-05,2024-05-07,Second Class,CUST-1188,Customer 1230,Consumer,United States,Dallas,Texas,43215,Central,PROD-1114,Office Supplies,Labels,Labels Product 76,1560.56,4,0.05,40.14,2024,5,May,0.02572153585892244
ORD-100473,2025-11-19,2025-11-24,Standard Class,CUST-1090,Customer 1230,Home Office,United States,San Jose,California,33101,Central,PROD-1072,Furniture,Chairs,Chairs Product 5,950.64,3,0.3,67.55,2025,11,November,0.07105739291424724
ORD-100474,2025-10-17,2025-10-20,Standard Class,CUST-1066,Customer 1182,Home Office,United States,New York City,New York,98101,Central,PROD-1186,Furniture,Bookcases,Bookcases Product 62,505.6,5,0.2,19.1,2025,10,October,0.037776898734177215
ORD-100475,2025-03-31,2025-04-03,Second Class,CUST-1191,Customer 1085,Corporate,United States,Seattle,Washington,98101,East,PROD-1249,Office Supplies,Binders,Binders Product 9,363.26,1,0.3,-36.53,2025,3,March,-0.10056158123657986
ORD-100476,2025-05-16,2025-05-17,Same Day,CUST-1093,Customer 1080,Corporate,United States,Dallas,Texas,33101,South,PROD-1166,Office Supplies,Binders,Binders Product 31,528.36,4,0.3,-15.18,2025,5,May,-0.02873041108335226
ORD-100477,2024-03-13,2024-03-16,Standard Class,CUST-1171,Customer 1220,Home Office,United States,Los Angeles,California,60601,West,PROD-1042,Furniture,Chairs,Chairs Product 7,392.47,1,0.2,-24.97,2024,3,March,-0.06362269727622492
ORD-100478,2024-02-27,2024-02-28,First Class,CUST-1074,Customer 1170,Consumer,United States,San Jose,California,98101,West,PROD-1067,Furniture,Storage,Storage Product 6,1242.66,6,0.0,305.77,2024,2,February,0.24606086942526512
ORD-100479,2025-07-31,2025-08-05,Same Day,CUST-1103,Customer 1024,Consumer,United States,Seattle,Washington,90001,West,PROD-1251,Technology,Accessories,Accessories Product 1,921.38,2,0.05,23.95,2025,7,July,0.025993618268249797
ORD-100480,2024-04-14,2024-04-18,Standard Class,CUST-1154,Customer 1077,Consumer,United States,Springfield,Illinois,85001,East,PROD-1035,Technology,Printers,Printers Product 24,3607.38,7,0.1,134.39,2024,4,April,0.037254184477376925
ORD-100481,2024-07-25,2024-07-27,First Class,CUST-1068,Customer 1043,Consumer,United States,Buffalo,New York,10001,West,PROD-1075,Office Supplies,Paper,Paper Product 41,3136.21,7,0.1,579.72,2024,7,July,0.18484731570908836
ORD-100482,2024-11-10,2024-11-15,Same Day,CUST-1079,Customer 1002,Consumer,United States,Cincinnati,Ohio,43215,East,PROD-1132,Furniture,Tables,Tables Product 20,4171.65,7,0.0,1063.75,2024,11,November,0.25499502594896506
ORD-100483,2024-01-01,2024-01-02,First Class,CUST-1217,Customer 1080,Corporate,United States,Miami,Florida,10001,West,PROD-1325,Furniture,Chairs,Chairs Product 51,528.56,4,0.3,-54.27,2024,1,January,-0.10267519297714547
ORD-100484,2025-01-06,2025-01-10,Standard Class,CUST-1210,Customer 1178,Consumer,United States,New York City,New York,73301,Central,PROD-1066,Furniture,Storage,Storage Product 21,371.4,5,0.15,-8.05,2025,1,January,-0.021674744211093163
ORD-100485,2025-08-24,2025-08-25,First Class,CUST-1206,Customer 1049,Consumer,United States,Columbus,Ohio,73301,South,PROD-1176,Office Supplies,Labels,Labels Product 14,1434.85,5,0.15,135.13,2025,8,August,0.09417709168205736
ORD-100486,2025-05-09,2025-05-12,Standard Class,CUST-1082,Customer 1144,Consumer,United States,Buffalo,New York,43215,Central,PROD-1247,Office Supplies,Paper,Paper Product 12,1564.44,3,0.1,60.49,2025,5,May,0.038665592799979547
ORD-100487,2024-04-15,2024-04-16,Standard Class,CUST-1161,Customer 1228,Corporate,United States,San Diego,California,90001,Central,PROD-1185,Office Supplies,Paper,Paper Product 29,1224.08,2,0.2,171.3,2024,4,April,0.13994183386706752
ORD-100488,2024-05-22,2024-05-26,Second Class,CUST-1242,Customer 1185,Consumer,United States,Seattle,Washington,33101,East,PROD-1208,Technology,Accessories,Accessories Product 75,2825.82,6,0.2,263.75,2024,5,May,0.09333573971448995
ORD-100489,2024-03-02,2024-03-04,First Class,CUST-1020,Customer 1058,Consumer,United States,Buffalo,New York,90001,Central,PROD-1196,Furniture,Bookcases,Bookcases Product 78,161.1,2,0.2,11.13,2024,3,March,0.06908752327746742
ORD-100490,2025-06-03,2025-06-08,Standard Class,CUST-1234,Customer 1032,Consumer,United States,Miami,Florida,98101,East,PROD-1030,Technology,Printers,Printers Product 76,2013.08,4,0.2,-75.33,2025,6,June,-0.037420271424881274
ORD-100491,2024-09-09,2024-09-13,Standard Class,CUST-1179,Customer 1141,Home Office,United States,Houston,Texas,33101,East,PROD-1311,Technology,Laptops,Laptops Product 9,426.18,6,0.05,105.71,2024,9,September,0.24804073396217557
ORD-100492,2024-06-20,2024-06-25,Second Class,CUST-1069,Customer 1058,Corporate,United States,Seattle,Washington,33101,Central,PROD-1256,Furniture,Chairs,Chairs Product 56,2677.71,7,0.05,190.09,2024,6,June,0.07098976364132038
ORD-100493,2024-10-12,2024-10-17,First Class,CUST-1026,Customer 1057,Corporate,United States,San Diego,California,85001,West,PROD-1198,Office Supplies,Labels,Labels Product 43,654.78,7,0.3,2.19,2024,10,October,0.003344634839182626
ORD-100494,2025-04-28,2025-05-03,Same Day,CUST-1104,Customer 1180,Corporate,United States,Houston,Texas,33101,Central,PROD-1181,Furniture,Chairs,Chairs Product 59,341.46,2,0.05,38.47,2025,4,April,0.11266326948983776
ORD-100495,2025-01-15,2025-01-16,First Class,CUST-1020,Customer 1232,Consumer,United States,Rochester,New York,10001,West,PROD-1331,Furniture,Tables,Tables Product 79,1635.28,4,0.05,84.22,2025,1,January,0.05150188346949758
ORD-100496,2024-01-27,2024-01-31,Standard Class,CUST-1033,Customer 1211,Consumer,United States,Buffalo,New York,10001,West,PROD-1016,Office Supplies,Labels,Labels Product 23,2082.3,6,0.05,29.76,2024,1,January,0.014291888776833309
ORD-100497,2024-04-15,2024-04-20,Same Day,CUST-1161,Customer 1107,Home Office,United States,Phoenix,Arizona,90001,East,PROD-1018,Office Supplies,Binders,Binders Product 30,224.88,4,0.0,31.43,2024,4,April,0.13976342938456066
ORD-100498,2025-10-27,2025-10-29,Second Class,CUST-1106,Customer 1216,Corporate,United States,Peoria,Illinois,10001,West,PROD-1072,Furniture,Storage,Storage Product 74,95.37,1,0.05,22.18,2025,10,October,0.23256789346754744
ORD-100499,2024-07-04,2024-07-08,First Class,CUST-1142,Customer 1022,Home Office,United States,Seattle,Washington,43215,South,PROD-1104,Technology,Laptops,Laptops Product 50,3255.84,6,0.3,337.12,2024,7,July,0.10354317165462676
ORD-100500,2025-01-28,2025-01-30,Standard Class,CUST-1013,Customer 1226,Home Office,United States,Chicago,Illinois,73301,Central,PROD-1291,Technology,Phones,Phones Product 3,1024.65,5,0.0,81.46,2025,1,January,0.07950031718147658
ORD-100501,2025-03-07,2025-03-11,Same Day,CUST-1133,Customer 1067,Home Office,United States,Mesa,Arizona,90001,Central,PROD-1129,Office Supplies,Binders,Binders Product 63,468.11,1,0.05,114.36,2025,3,March,0.2443015530537694
ORD-100502,2024-10-23,2024-10-26,First Class,CUST-1058,Customer 1174,Consumer,United States,Miami,Florida,10001,South,PROD-1143,Technology,Accessories,Accessories Product 60,55.48,2,0.1,6.27,2024,10,October,0.11301369863013698
ORD-100503,2025-12-20,2025-12-22,Second Class,CUST-1031,Customer 1115,Corporate,United States,San Jose,California,60601,East,PROD-1334,Office Supplies,Binders,Binders Product 25,156.24,2,0.1,10.35,2025,12,December,0.0662442396313364
ORD-100504,2025-01-27,2025-01-30,Second Class,CUST-1123,Customer 1198,Home Office,United States,Buffalo,New York,85001,South,PROD-1028,Technology,Phones,Phones Product 45,3018.54,6,0.0,204.6,2025,1,January,0.06778111272336958
ORD-100505,2024-03-16,2024-03-21,Standard Class,CUST-1085,Customer 1011,Consumer,United States,Buffalo,New York,10001,East,PROD-1216,Technology,Laptops,Laptops Product 31,3618.02,7,0.3,246.85,2024,3,March,0.0682279257715546
ORD-100506,2025-11-07,2025-11-09,Same Day,CUST-1105,Customer 1027,Home Office,United States,Tacoma,Washington,73301,East,PROD-1101,Technology,Laptops,Laptops Product 21,1874.13,3,0.1,36.24,2025,11,November,0.019336972355172802
ORD-100507,2024-12-06,2024-12-08,Standard Class,CUST-1130,Customer 1121,Corporate,United States,Miami,Florida,98101,West,PROD-1323,Furniture,Chairs,Chairs Product 1,2336.7,5,0.2,-123.07,2024,12,December,-0.052668292891684856
ORD-100508,2025-07-13,2025-07-18,Second Class,CUST-1022,Customer 1103,Consumer,United States,Peoria,Illinois,90001,East,PROD-1309,Office Supplies,Paper,Paper Product 31,65.46,1,0.1,7.16,2025,7,July,0.10937977390772992
ORD-100509,2024-06-09,2024-06-14,Standard Class,CUST-1234,Customer 1039,Consumer,United States,Tucson,Arizona,98101,South,PROD-1254,Technology,Printers,Printers Product 47,877.98,2,0.05,65.9,2024,6,June,0.07505865737260531
ORD-100510,2025-01-18,2025-01-22,Standard Class,CUST-1063,Customer 1069,Corporate,United States,Austin,Texas,85001,West,PROD-1330,Technology,Printers,Printers Product 24,819.12,2,0.1,165.21,2025,1,January,0.20169205977146207
ORD-100511,2025-05-30,2025-06-01,Standard Class,CUST-1151,Customer 1245,Corporate,United States,Austin,Texas,43215,West,PROD-1289,Furniture,Chairs,Chairs Product 25,80.8,2,0.1,1.91,2025,5,May,0.02363861386138614
ORD-100512,2024-07-04,2024-07-09,Second Class,CUST-1151,Customer 1190,Corporate,United States,Columbus,Ohio,90001,East,PROD-1018,Technology,Phones,Phones Product 73,2098.02,6,0.3,164.84,2024,7,July,0.07856931773767648
ORD-100513,2024-01-17,2024-01-19,Same Day,CUST-1153,Customer 1196,Corporate,United States,Springfield,Illinois,73301,South,PROD-1341,Technology,Printers,Printers Product 11,492.18,3,0.1,64.03,2024,1,January,0.13009468080783454
ORD-100514,2024-08-09,2024-08-13,First Class,CUST-1241,Customer 1021,Corporate,United States,Houston,Texas,10001,South,PROD-1273,Office Supplies,Art Supplies,Art Supplies Product 32,1023.89,7,0.1,118.35,2024,8,August,0.11558858861791793
ORD-100515,2025-02-07,2025-02-10,Same Day,CUST-1198,Customer 1103,Consumer,United States,Mesa,Arizona,43215,West,PROD-1101,Technology,Accessories,Accessories Product 70,143.42,1,0.15,16.76,2025,2,February,0.1168595732812718
ORD-100516,2024-08-24,2024-08-26,First Class,CUST-1216,Customer 1059,Home Office,United States,Cincinnati,Ohio,60601,Central,PROD-1224,Technology,Accessories,Accessories Product 17,1068.16,2,0.05,237.51,2024,8,August,0.2223543289394847
ORD-100517,2025-05-10,2025-05-14,Second Class,CUST-1110,Customer 1146,Consumer,United States,Orlando,Florida,73301,West,PROD-1227,Furniture,Storage,Storage Product 64,1920.65,5,0.1,144.63,2025,5,May,0.07530263192148491
ORD-100518,2024-02-22,2024-02-26,Second Class,CUST-1087,Customer 1147,Home Office,United States,Spokane,Washington,43215,East,PROD-1101,Furniture,Tables,Tables Product 37,58.0,4,0.1,10.3,2024,2,February,0.17758620689655175
ORD-100519,2024-12-29,2024-12-31,Second Class,CUST-1023,Customer 1059,Corporate,United States,Austin,Texas,10001,East,PROD-1194,Office Supplies,Paper,Paper Product 8,815.84,2,0.15,45.7,2024,12,December,0.05601588546773877
ORD-100520,2025-03-14,2025-03-15,First Class,CUST-1139,Customer 1191,Home Office,United States,Springfield,Illinois,60601,East,PROD-1078,Technology,Laptops,Laptops Product 56,2032.92,6,0.3,-57.19,2025,3,March,-0.028131948133718984
ORD-100521,2024-06-19,2024-06-23,Same Day,CUST-1224,Customer 1050,Home Office,United States,Los Angeles,California,60601,West,PROD-1260,Office Supplies,Labels,Labels Product 78,691.6,7,0.3,-4.54,2024,6,June,-0.006564488143435512
ORD-100522,2024-04-10,2024-04-11,Same Day,CUST-1081,Customer 1043,Home Office,United States,Rochester,New York,73301,Central,PROD-1214,Technology,Phones,Phones Product 78,513.55,5,0.0,77.24,2024,4,April,0.15040405023853567
ORD-100523,2025-02-02,2025-02-06,Second Class,CUST-1209,Customer 1160,Corporate,United States,Miami,Florida,98101,East,PROD-1344,Office Supplies,Art Supplies,Art Supplies Product 6,2351.65,7,0.3,253.57,2025,2,February,0.10782641974783662
ORD-100524,2024-10-06,2024-10-07,Second Class,CUST-1044,Customer 1076,Consumer,United States,Phoenix,Arizona,10001,South,PROD-1199,Office Supplies,Binders,Binders Product 23,3068.34,6,0.1,424.29,2024,10,October,0.1382799820098164
ORD-100525,2025-11-05,2025-11-07,Same Day,CUST-1024,Customer 1136,Corporate,United States,Buffalo,New York,98101,West,PROD-1309,Technology,Accessories,Accessories Product 72,2466.92,4,0.15,181.53,2025,11,November,0.07358568579443192
ORD-100526,2024-10-31,2024-11-02,First Class,CUST-1127,Customer 1168,Home Office,United States,Chicago,Illinois,98101,East,PROD-1053,Office Supplies,Art Supplies,Art Supplies Product 4,219.76,2,0.05,10.73,2024,10,October,0.0488259919912632
ORD-100527,2024-01-07,2024-01-09,Second Class,CUST-1148,Customer 1083,Home Office,United States,Miami,Florida,85001,East,PROD-1263,Furniture,Tables,Tables Product 23,3560.64,6,0.1,374.86,2024,1,January,0.10527882627842186
ORD-100528,2025-02-06,2025-02-11,Second Class,CUST-1025,Customer 1116,Corporate,United States,Tacoma,Washington,33101,West,PROD-1039,Technology,Laptops,Laptops Product 79,662.38,2,0.1,86.51,2025,2,February,0.13060478879193213
ORD-100529,2024-11-19,2024-11-20,Same Day,CUST-1138,Customer 1083,Corporate,United States,Austin,Texas,98101,East,PROD-1105,Office Supplies,Art Supplies,Art Supplies Product 75,107.25,3,0.15,12.52,2024,11,November,0.11673659673659673
ORD-100530,2025-09-10,2025-09-12,Standard Class,CUST-1111,Customer 1002,Consumer,United States,Tacoma,Washington,90001,Central,PROD-1226,Furniture,Storage,Storage Product 55,616.08,3,0.2,95.99,2025,9,September,0.1558076873133359
ORD-100531,2025-09-14,2025-09-17,Standard Class,CUST-1235,Customer 1244,Consumer,United States,Miami,Florida,98101,South,PROD-1288,Technology,Accessories,Accessories Product 69,818.22,6,0.2,53.21,2025,9,September,0.06503140964532766
ORD-100532,2024-10-24,2024-10-29,Second Class,CUST-1084,Customer 1242,Consumer,United States,Phoenix,Arizona,10001,South,PROD-1190,Technology,Accessories,Accessories Product 55,410.56,2,0.1,88.87,2024,10,October,0.21646044427123928
ORD-100533,2024-10-04,2024-10-09,First Class,CUST-1092,Customer 1040,Corporate,United States,Dallas,Texas,85001,East,PROD-1236,Furniture,Storage,Storage Product 17,1381.92,3,0.1,188.61,2024,10,October,0.13648402222994097
ORD-100534,2024-01-09,2024-01-11,Standard Class,CUST-1197,Customer 1010,Corporate,United States,Tacoma,Washington,85001,East,PROD-1121,Technology,Laptops,Laptops Product 13,607.52,1,0.2,39.41,2024,1,January,0.06487029233605478
ORD-100535,2024-10-28,2024-11-01,Second Class,CUST-1153,Customer 1177,Consumer,United States,San Jose,California,90001,East,PROD-1118,Technology,Printers,Printers Product 36,877.22,2,0.0,121.13,2024,10,October,0.13808394701443194
ORD-100536,2024-12-25,2024-12-29,Same Day,CUST-1035,Customer 1077,Home Office,United States,Dallas,Texas,98101,East,PROD-1343,Office Supplies,Paper,Paper Product 68,133.18,1,0.15,23.12,2024,12,December,0.17359963958552335
ORD-100537,2025-03-15,2025-03-18,First Class,CUST-1231,Customer 1106,Corporate,United States,Peoria,Illinois,85001,Central,PROD-1232,Office Supplies,Binders,Binders Product 73,183.14,1,0.1,4.96,2025,3,March,0.027083105820683632
ORD-100538,2025-03-14,2025-03-19,First Class,CUST-1093,Customer 1114,Home Office,United States,Chicago,Illinois,43215,East,PROD-1232,Technology,Accessories,Accessories Product 79,373.87,7,0.15,5.67,2025,3,March,0.015165699307245834
ORD-100539,2025-12-13,2025-12-18,First Class,CUST-1085,Customer 1109,Home Office,United States,Houston,Texas,60601,South,PROD-1310,Technology,Printers,Printers Product 5,4262.02,7,0.3,-318.61,2025,12,December,-0.07475563230580803
ORD-100540,2025-01-05,2025-01-10,First Class,CUST-1037,Customer 1119,Corporate,United States,New York City,New York,98101,Central,PROD-1052,Technology,Printers,Printers Product 33,1743.39,3,0.3,-5.22,2025,1,January,-0.002994166537607764
ORD-100541,2025-01-16,2025-01-17,Same Day,CUST-1123,Customer 1221,Corporate,United States,Dallas,Texas,33101,South,PROD-1145,Furniture,Chairs,Chairs Product 19,666.72,3,0.15,108.79,2025,1,January,0.16317194624430045
ORD-100542,2025-09-08,2025-09-09,First Class,CUST-1073,Customer 1167,Corporate,United States,Chicago,Illinois,85001,South,PROD-1096,Furniture,Tables,Tables Product 18,169.92,4,0.15,1.15,2025,9,September,0.006767890772128061
ORD-100543,2024-08-23,2024-08-24,Second Class,CUST-1197,Customer 1210,Consumer,United States,Tacoma,Washington,85001,Central,PROD-1346,Office Supplies,Art Supplies,Art Supplies Product 31,298.8,3,0.05,22.54,2024,8,August,0.07543507362784471
ORD-100544,2025-05-15,2025-05-16,Second Class,CUST-1187,Customer 1221,Corporate,United States,Phoenix,Arizona,98101,Central,PROD-1192,Office Supplies,Binders,Binders Product 8,1624.8,4,0.15,146.47,2025,5,May,0.09014647956671591
ORD-100545,2024-02-08,2024-02-09,First Class,CUST-1123,Customer 1054,Corporate,United States,Buffalo,New York,73301,East,PROD-1113,Office Supplies,Art Supplies,Art Supplies Product 62,1780.05,5,0.1,239.19,2024,2,February,0.13437262998230387
ORD-100546,2024-04-27,2024-04-29,Standard Class,CUST-1044,Customer 1128,Corporate,United States,Mesa,Arizona,90001,East,PROD-1340,Office Supplies,Binders,Binders Product 18,472.14,1,0.1,-2.43,2024,4,April,-0.005146778497903165
ORD-100547,2024-11-10,2024-11-13,Standard Class,CUST-1190,Customer 1175,Corporate,United States,Rochester,New York,33101,West,PROD-1145,Technology,Printers,Printers Product 54,500.93,1,0.05,60.25,2024,11,November,0.12027628610783941
ORD-100548,2025-08-16,2025-08-18,Same Day,CUST-1176,Customer 1171,Home Office,United States,Rochester,New York,85001,West,PROD-1237,Technology,Printers,Printers Product 10,2046.0,5,0.1,445.83,2025,8,August,0.2179032258064516
ORD-100549,2024-02-18,2024-02-19,First Class,CUST-1127,Customer 1234,Consumer,United States,Columbus,Ohio,60601,Central,PROD-1327,Office Supplies,Binders,Binders Product 71,1180.32,4,0.15,55.17,2024,2,February,0.04674156161041074
ORD-100550,2024-01-12,2024-01-17,First Class,CUST-1083,Customer 1234,Consumer,United States,New York City,New York,43215,South,PROD-1080,Furniture,Storage,Storage Product 12,1581.81,3,0.15,145.22,2024,1,January,0.09180622198620568
ORD-100551,2024-05-07,2024-05-08,First Class,CUST-1034,Customer 1103,Home Office,United States,Rochester,New York,60601,Central,PROD-1016,Furniture,Bookcases,Bookcases Product 39,3307.92,6,0.05,207.61,2024,5,May,0.06276149362741541
ORD-100552,2025-09-27,2025-09-28,Second Class,CUST-1203,Customer 1216,Corporate,United States,Los Angeles,California,60601,Central,PROD-1071,Technology,Phones,Phones Product 70,189.15,3,0.2,25.73,2025,9,September,0.1360296061326989
ORD-100553,2025-12-06,2025-12-11,Standard Class,CUST-1092,Customer 1030,Home Office,United States,Rochester,New York,90001,West,PROD-1225,Office Supplies,Paper,Paper Product 65,1229.22,3,0.3,83.82,2025,12,December,0.06818958363840484
ORD-100554,2024-04-01,2024-04-02,Same Day,CUST-1195,Customer 1210,Consumer,United States,Dallas,Texas,98101,East,PROD-1093,Office Supplies,Binders,Binders Product 36,675.48,3,0.2,31.13,2024,4,April,0.04608574643216675
ORD-100555,2025-08-20,2025-08-24,Second Class,CUST-1244,Customer 1149,Consumer,United States,Chicago,Illinois,98101,West,PROD-1089,Technology,Accessories,Accessories Product 26,646.35,5,0.3,-56.77,2025,8,August,-0.08783167014775277
ORD-100556,2024-09-26,2024-09-30,Standard Class,CUST-1220,Customer 1008,Home Office,United States,Miami,Florida,90001,East,PROD-1066,Office Supplies,Labels,Labels Product 79,1673.16,4,0.3,74.68,2024,9,September,0.04463410552487509
ORD-100557,2025-10-23,2025-10-25,Standard Class,CUST-1155,Customer 1121,Corporate,United States,Dallas,Texas,85001,East,PROD-1239,Furniture,Storage,Storage Product 63,1372.32,6,0.2,-79.88,2025,10,October,-0.05820799813454588
ORD-100558,2025-04-06,2025-04-07,Standard Class,CUST-1057,Customer 1087,Home Office,United States,Rochester,New York,90001,West,PROD-1226,Technology,Accessories,Accessories Product 74,691.08,4,0.2,101.21,2025,4,April,0.14645193031197545
ORD-100559,2024-12-21,2024-12-26,Standard Class,CUST-1134,Customer 1065,Corporate,United States,Orlando,Florida,73301,Central,PROD-1088,Furniture,Bookcases,Bookcases Product 25,834.92,4,0.1,140.59,2024,12,December,0.1683873904086619
ORD-100560,2025-12-28,2025-12-29,Same Day,CUST-1046,Customer 1036,Corporate,United States,Austin,Texas,33101,Central,PROD-1267,Technology,Laptops,Laptops Product 12,1627.56,6,0.3,101.03,2025,12,December,0.0620745164540785
ORD-100561,2025-10-12,2025-10-13,Second Class,CUST-1184,Customer 1152,Consumer,United States,Cincinnati,Ohio,85001,East,PROD-1311,Furniture,Tables,Tables Product 10,401.2,4,0.0,105.58,2025,10,October,0.263160518444666
ORD-100562,2025-02-18,2025-02-22,Same Day,CUST-1138,Customer 1166,Home Office,United States,Cincinnati,Ohio,90001,Central,PROD-1071,Furniture,Tables,Tables Product 15,3497.1,6,0.1,292.16,2025,2,February,0.08354350747762433
ORD-100563,2025-08-22,2025-08-24,Standard Class,CUST-1139,Customer 1065,Corporate,United States,Miami,Florida,85001,West,PROD-1213,Furniture,Tables,Tables Product 20,329.44,2,0.05,45.32,2025,8,August,0.13756677999028655
ORD-100564,2025-01-30,2025-01-31,Same Day,CUST-1014,Customer 1036,Consumer,United States,Peoria,Illinois,10001,South,PROD-1311,Technology,Laptops,Laptops Product 77,1582.32,6,0.0,112.78,2025,1,January,0.07127508974164519
ORD-100565,2025-12-06,2025-12-09,First Class,CUST-1029,Customer 1165,Consumer,United States,Tacoma,Washington,73301,Central,PROD-1295,Technology,Printers,Printers Product 42,2581.02,6,0.0,569.28,2025,12,December,0.220563963084362
ORD-100566,2024-07-05,2024-07-07,Same Day,CUST-1026,Customer 1115,Consumer,United States,Buffalo,New York,85001,West,PROD-1122,Technology,Laptops,Laptops Product 2,301.88,2,0.05,61.97,2024,7,July,0.20528024380548562
ORD-100567,2024-11-03,2024-11-04,Standard Class,CUST-1084,Customer 1053,Home Office,United States,Mesa,Arizona,33101,South,PROD-1168,Technology,Accessories,Accessories Product 45,615.51,3,0.05,133.44,2024,11,November,0.21679582785007553
ORD-100568,2024-05-25,2024-05-30,Same Day,CUST-1129,Customer 1115,Consumer,United States,Tucson,Arizona,43215,East,PROD-1165,Technology,Phones,Phones Product 64,380.92,4,0.0,29.31,2024,5,May,0.07694529034967972
ORD-100569,2025-01-15,2025-01-18,Standard Class,CUST-1202,Customer 1152,Consumer,United States,Seattle,Washington,33101,West,PROD-1089,Furniture,Tables,Tables Product 77,559.25,1,0.15,-23.22,2025,1,January,-0.04151989271345552
ORD-100570,2024-06-24,2024-06-25,First Class,CUST-1125,Customer 1138,Consumer,United States,Buffalo,New York,73301,West,PROD-1188,Furniture,Chairs,Chairs Product 15,499.59,1,0.0,88.35,2024,6,June,0.17684501291058669
ORD-100571,2025-05-20,2025-05-21,Second Class,CUST-1119,Customer 1162,Home Office,United States,Chicago,Illinois,90001,South,PROD-1305,Office Supplies,Paper,Paper Product 51,2056.14,6,0.15,134.47,2025,5,May,0.06539924324219168
ORD-100572,2024-06-17,2024-06-22,First Class,CUST-1008,Customer 1154,Consumer,United States,Cleveland,Ohio,33101,South,PROD-1208,Furniture,Chairs,Chairs Product 76,3539.22,6,0.3,-0.61,2024,6,June,-0.0001723543605653223
ORD-100573,2024-04-10,2024-04-12,Standard Class,CUST-1039,Customer 1021,Consumer,United States,Tacoma,Washington,43215,South,PROD-1188,Office Supplies,Art Supplies,Art Supplies Product 61,1057.55,5,0.05,27.11,2024,4,April,0.025634721762564417
ORD-100574,2025-01-14,2025-01-16,Second Class,CUST-1084,Customer 1065,Consumer,United States,San Diego,California,90001,West,PROD-1080,Furniture,Bookcases,Bookcases Product 15,3328.02,6,0.05,369.31,2025,1,January,0.11096988599828127
ORD-100575,2025-05-10,2025-05-13,Same Day,CUST-1042,Customer 1224,Home Office,United States,Cincinnati,Ohio,60601,East,PROD-1320,Technology,Printers,Printers Product 31,372.75,5,0.0,23.74,2025,5,May,0.06368879946344734
ORD-100576,2025-06-03,2025-06-04,First Class,CUST-1020,Customer 1048,Consumer,United States,San Diego,California,73301,West,PROD-1132,Technology,Laptops,Laptops Product 54,1861.85,5,0.05,369.13,2025,6,June,0.19825979536482533
ORD-100577,2024-08-02,2024-08-04,Second Class,CUST-1094,Customer 1194,Corporate,United States,New York City,New York,85001,South,PROD-1001,Furniture,Chairs,Chairs Product 72,1375.88,4,0.1,233.7,2024,8,August,0.16985492920894263
ORD-100578,2025-06-03,2025-06-06,First Class,CUST-1117,Customer 1043,Consumer,United States,Columbus,Ohio,73301,West,PROD-1178,Furniture,Chairs,Chairs Product 74,1177.64,2,0.05,125.03,2025,6,June,0.10616996705274956
ORD-100579,2024-04-24,2024-04-28,Second Class,CUST-1111,Customer 1112,Home Office,United States,Seattle,Washington,90001,East,PROD-1179,Furniture,Tables,Tables Product 70,1943.13,7,0.15,154.09,2024,4,April,0.07929989244157622
ORD-100580,2024-06-01,2024-06-02,First Class,CUST-1159,Customer 1026,Corporate,United States,Buffalo,New York,90001,South,PROD-1023,Office Supplies,Paper,Paper Product 47,1249.26,3,0.05,83.42,2024,6,June,0.06677553111441974
ORD-100581,2024-05-23,2024-05-28,Same Day,CUST-1182,Customer 1226,Home Office,United States,Dallas,Texas,90001,South,PROD-1230,Technology,Phones,Phones Product 54,623.19,1,0.1,54.59,2024,5,May,0.08759768288964842
ORD-100582,2025-12-05,2025-12-07,First Class,CUST-1075,Customer 1014,Corporate,United States,Chicago,Illinois,33101,West,PROD-1163,Furniture,Storage,Storage Product 66,59.93,1,0.15,4.15,2025,12,December,0.06924745536459204
ORD-100583,2024-10-11,2024-10-13,Same Day,CUST-1170,Customer 1186,Corporate,United States,San Jose,California,98101,West,PROD-1253,Office Supplies,Paper,Paper Product 19,1089.34,2,0.3,-7.61,2024,10,October,-0.006985881359355206
ORD-100584,2025-04-09,2025-04-14,Same Day,CUST-1165,Customer 1224,Home Office,United States,Rochester,New York,33101,East,PROD-1053,Office Supplies,Labels,Labels Product 47,2094.48,4,0.1,158.18,2025,4,April,0.07552232535044498
ORD-100585,2025-11-14,2025-11-17,Standard Class,CUST-1180,Customer 1084,Home Office,United States,Tampa,Florida,60601,West,PROD-1073,Furniture,Bookcases,Bookcases Product 4,1648.92,6,0.15,272.64,2025,11,November,0.16534458918564876
ORD-100586,2025-09-05,2025-09-08,Standard Class,CUST-1077,Customer 1077,Corporate,United States,Tucson,Arizona,33101,West,PROD-1066,Technology,Phones,Phones Product 10,143.34,2,0.15,-0.62,2025,9,September,-0.004325380214873727
ORD-100587,2025-12-13,2025-12-14,Standard Class,CUST-1152,Customer 1158,Corporate,United States,Springfield,Illinois,60601,Central,PROD-1251,Furniture,Tables,Tables Product 47,355.04,1,0.15,-8.92,2025,12,December,-0.025123929698062188
ORD-100588,2024-09-20,2024-09-23,Standard Class,CUST-1177,Customer 1063,Corporate,United States,Mesa,Arizona,10001,West,PROD-1307,Furniture,Chairs,Chairs Product 33,66.12,4,0.15,11.27,2024,9,September,0.1704476709013914
ORD-100589,2024-09-11,2024-09-16,Second Class,CUST-1207,Customer 1199,Home Office,United States,Tampa,Florida,33101,Central,PROD-1046,Furniture,Bookcases,Bookcases Product 64,370.72,4,0.3,33.99,2024,9,September,0.09168644799309451
ORD-100590,2024-09-02,2024-09-03,First Class,CUST-1066,Customer 1150,Consumer,United States,Phoenix,Arizona,85001,West,PROD-1046,Furniture,Tables,Tables Product 73,1160.8,4,0.3,85.55,2024,9,September,0.07369917298414887
ORD-100591,2024-02-24,2024-02-28,Standard Class,CUST-1015,Customer 1193,Corporate,United States,Columbus,Ohio,10001,Central,PROD-1310,Furniture,Chairs,Chairs Product 14,1561.55,5,0.3,-183.55,2024,2,February,-0.11754346642758798
ORD-100592,2025-08-01,2025-08-04,First Class,CUST-1113,Customer 1133,Home Office,United States,San Diego,California,10001,West,PROD-1349,Furniture,Bookcases,Bookcases Product 15,465.02,2,0.0,22.93,2025,8,August,0.04930970710937164
ORD-100593,2024-03-16,2024-03-17,First Class,CUST-1154,Customer 1130,Home Office,United States,Peoria,Illinois,43215,East,PROD-1009,Office Supplies,Labels,Labels Product 13,869.1,6,0.1,-9.8,2024,3,March,-0.011276032677482454
ORD-100594,2025-07-03,2025-07-08,First Class,CUST-1171,Customer 1044,Corporate,United States,Phoenix,Arizona,33101,West,PROD-1152,Office Supplies,Labels,Labels Product 36,2132.44,4,0.1,373.69,2025,7,July,0.1752405694884733
ORD-100595,2024-12-21,2024-12-25,Second Class,CUST-1146,Customer 1094,Consumer,United States,San Diego,California,43215,South,PROD-1025,Office Supplies,Art Supplies,Art Supplies Product 12,1671.4,4,0.2,61.8,2024,12,December,0.03697499102548761
ORD-100596,2024-05-05,2024-05-06,Second Class,CUST-1001,Customer 1209,Consumer,United States,New York City,New York,10001,South,PROD-1325,Technology,Phones,Phones Product 5,1214.06,2,0.0,249.09,2024,5,May,0.20517107885936445
ORD-100597,2025-06-04,2025-06-05,Second Class,CUST-1186,Customer 1089,Home Office,United States,Rochester,New York,73301,East,PROD-1172,Technology,Laptops,Laptops Product 14,1846.5,6,0.0,275.55,2025,6,June,0.14922826969943137
ORD-100598,2025-02-02,2025-02-05,First Class,CUST-1241,Customer 1072,Home Office,United States,Cincinnati,Ohio,33101,Central,PROD-1093,Technology,Printers,Printers Product 65,778.83,3,0.05,38.68,2025,2,February,0.049664239949668086
ORD-100599,2024-12-11,2024-12-15,Second Class,CUST-1124,Customer 1147,Consumer,United States,Los Angeles,California,85001,East,PROD-1187,Office Supplies,Art Supplies,Art Supplies Product 15,17.74,1,0.15,1.09,2024,12,December,0.06144306651634725
ORD-100600,2024-02-21,2024-02-26,Second Class,CUST-1221,Customer 1210,Home Office,United States,New York City,New York,98101,East,PROD-1241,Furniture,Chairs,Chairs Product 70,1202.32,4,0.15,38.24,2024,2,February,0.03180517665846031
ORD-100601,2024-02-23,2024-02-25,Same Day,CUST-1039,Customer 1156,Corporate,United States,Tampa,Florida,60601,East,PROD-1067,Technology,Accessories,Accessories Product 43,846.12,4,0.05,145.43,2024,2,February,0.17187869332955136
ORD-100602,2024-02-25,2024-03-01,Same Day,CUST-1023,Customer 1191,Consumer,United States,Miami,Florida,60601,South,PROD-1300,Office Supplies,Paper,Paper Product 24,2100.76,4,0.0,89.47,2024,2,February,0.0425893486166911
ORD-100603,2025-11-03,2025-11-05,First Class,CUST-1242,Customer 1090,Corporate,United States,Dallas,Texas,98101,East,PROD-1288,Office Supplies,Binders,Binders Product 57,1136.76,6,0.3,-95.07,2025,11,November,-0.08363242900876174
ORD-100604,2024-09-25,2024-09-29,Second Class,CUST-1224,Customer 1121,Home Office,United States,Cincinnati,Ohio,43215,South,PROD-1096,Technology,Phones,Phones Product 6,1230.82,2,0.0,188.56,2024,9,September,0.15319868055442715
ORD-100605,2025-03-11,2025-03-14,First Class,CUST-1126,Customer 1015,Corporate,United States,Chicago,Illinois,33101,West,PROD-1026,Furniture,Chairs,Chairs Product 51,234.99,3,0.2,33.76,2025,3,March,0.14366568790161283
ORD-100606,2025-11-26,2025-12-01,Standard Class,CUST-1043,Customer 1076,Home Office,United States,New York City,New York,10001,West,PROD-1219,Technology,Printers,Printers Product 24,913.11,3,0.15,21.66,2025,11,November,0.02372112888918093
ORD-100607,2025-01-10,2025-01-14,Same Day,CUST-1237,Customer 1061,Home Office,United States,Orlando,Florida,60601,South,PROD-1330,Furniture,Chairs,Chairs Product 25,292.64,2,0.05,26.46,2025,1,January,0.09041826134499727
ORD-100608,2024-03-29,2024-03-31,Second Class,CUST-1001,Customer 1189,Home Office,United States,Cleveland,Ohio,10001,East,PROD-1196,Office Supplies,Labels,Labels Product 41,174.54,1,0.1,2.12,2024,3,March,0.012146212902486537
ORD-100609,2024-04-23,2024-04-24,Standard Class,CUST-1083,Customer 1030,Consumer,United States,Cleveland,Ohio,43215,East,PROD-1199,Technology,Laptops,Laptops Product 31,742.29,3,0.05,165.16,2024,4,April,0.22250063991162483
ORD-100610,2024-01-23,2024-01-26,First Class,CUST-1069,Customer 1057,Consumer,United States,Tucson,Arizona,33101,East,PROD-1047,Furniture,Bookcases,Bookcases Product 79,1684.05,5,0.3,105.41,2024,1,January,0.06259315340993439
ORD-100611,2025-08-24,2025-08-28,Standard Class,CUST-1046,Customer 1248,Corporate,United States,New York City,New York,10001,South,PROD-1349,Furniture,Chairs,Chairs Product 10,1048.86,6,0.2,142.89,2025,8,August,0.13623362507865683
ORD-100612,2025-03-17,2025-03-21,Second Class,CUST-1024,Customer 1155,Consumer,United States,Columbus,Ohio,98101,Central,PROD-1091,Technology,Laptops,Laptops Product 39,288.92,1,0.3,26.68,2025,3,March,0.09234390142600027
ORD-100613,2025-05-30,2025-06-02,Second Class,CUST-1187,Customer 1062,Consumer,United States,Houston,Texas,33101,South,PROD-1111,Office Supplies,Labels,Labels Product 21,1464.3,5,0.1,71.27,2025,5,May,0.04867172027589975
ORD-100614,2024-03-10,2024-03-15,First Class,CUST-1091,Customer 1114,Corporate,United States,Rochester,New York,85001,East,PROD-1325,Technology,Phones,Phones Product 58,439.43,1,0.2,3.7,2024,3,March,0.008419998634594816
ORD-100615,2025-07-13,2025-07-18,Standard Class,CUST-1065,Customer 1239,Consumer,United States,Cleveland,Ohio,98101,West,PROD-1059,Furniture,Storage,Storage Product 33,1140.52,2,0.3,-24.43,2025,7,July,-0.021420054010451373
ORD-100616,2025-07-22,2025-07-23,Same Day,CUST-1069,Customer 1216,Corporate,United States,San Diego,California,90001,West,PROD-1281,Technology,Laptops,Laptops Product 1,603.86,1,0.0,161.61,2025,7,July,0.26762825820554437
ORD-100617,2025-10-20,2025-10-21,Same Day,CUST-1110,Customer 1164,Consumer,United States,New York City,New York,90001,West,PROD-1332,Furniture,Tables,Tables Product 60,938.8,4,0.05,155.8,2025,10,October,0.16595654026416704
ORD-100618,2025-07-15,2025-07-16,Same Day,CUST-1139,Customer 1247,Corporate,United States,New York City,New York,85001,West,PROD-1192,Furniture,Bookcases,Bookcases Product 65,1074.92,4,0.2,174.19,2025,7,July,0.16204926878279313
ORD-100619,2025-01-16,2025-01-18,Standard Class,CUST-1186,Customer 1031,Home Office,United States,Miami,Florida,33101,Central,PROD-1032,Technology,Accessories,Accessories Product 32,268.9,1,0.3,18.88,2025,1,January,0.07021197471178878
ORD-100620,2024-06-29,2024-07-03,First Class,CUST-1052,Customer 1247,Consumer,United States,Peoria,Illinois,43215,East,PROD-1112,Technology,Laptops,Laptops Product 36,1183.85,5,0.05,237.43,2024,6,June,0.20055750306204334
ORD-100621,2024-01-17,2024-01-22,First Class,CUST-1112,Customer 1115,Home Office,United States,Cincinnati,Ohio,60601,Central,PROD-1113,Furniture,Tables,Tables Product 35,468.9,5,0.1,44.16,2024,1,January,0.09417786308381318
ORD-100622,2024-05-01,2024-05-05,Standard Class,CUST-1172,Customer 1100,Home Office,United States,San Jose,California,60601,Central,PROD-1168,Technology,Accessories,Accessories Product 38,615.4,1,0.3,27.35,2024,5,May,0.044442638934026654
ORD-100623,2025-04-03,2025-04-07,Same Day,CUST-1171,Customer 1126,Corporate,United States,Los Angeles,California,60601,West,PROD-1337,Technology,Phones,Phones Product 67,397.2,5,0.1,58.31,2025,4,April,0.1468026183282981
ORD-100624,2024-01-07,2024-01-09,Standard Class,CUST-1087,Customer 1002,Corporate,United States,Peoria,Illinois,73301,East,PROD-1031,Furniture,Storage,Storage Product 33,448.31,1,0.3,-37.23,2024,1,January,-0.08304521424906872
ORD-100625,2025-01-18,2025-01-22,Standard Class,CUST-1107,Customer 1208,Home Office,United States,New York City,New York,90001,East,PROD-1134,Furniture,Storage,Storage Product 49,2986.27,7,0.2,-77.76,2025,1,January,-0.026039172613326996
ORD-100626,2024-01-23,2024-01-26,Same Day,CUST-1003,Customer 1058,Home Office,United States,San Jose,California,90001,West,PROD-1090,Technology,Accessories,Accessories Product 68,1620.48,6,0.2,114.11,2024,1,January,0.07041740718799368
ORD-100627,2025-06-16,2025-06-19,Standard Class,CUST-1113,Customer 1044,Corporate,United States,Miami,Florida,85001,South,PROD-1325,Office Supplies,Paper,Paper Product 68,964.77,3,0.05,212.1,2025,6,June,0.21984514443857084
ORD-100628,2025-11-23,2025-11-25,Same Day,CUST-1023,Customer 1018,Consumer,United States,Peoria,Illinois,10001,South,PROD-1186,Furniture,Storage,Storage Product 59,1393.28,4,0.15,44.32,2025,11,November,0.031809830041341296
ORD-100629,2025-04-11,2025-04-13,Second Class,CUST-1132,Customer 1241,Corporate,United States,New York City,New York,73301,East,PROD-1176,Technology,Laptops,Laptops Product 3,77.35,5,0.15,-0.92,2025,4,April,-0.011893988364576601
ORD-100630,2025-03-27,2025-03-29,First Class,CUST-1038,Customer 1088,Home Office,United States,San Jose,California,90001,West,PROD-1247,Office Supplies,Paper,Paper Product 60,2719.1,5,0.2,392.17,2025,3,March,0.14422786951564856
ORD-100631,2025-05-16,2025-05-17,First Class,CUST-1142,Customer 1044,Consumer,United States,Miami,Florida,60601,Central,PROD-1055,Office Supplies,Paper,Paper Product 51,1942.92,3,0.3,-71.6,2025,5,May,-0.03685174891400572
ORD-100632,2024-11-20,2024-11-21,Standard Class,CUST-1052,Customer 1138,Corporate,United States,Los Angeles,California,90001,East,PROD-1077,Furniture,Bookcases,Bookcases Product 3,1252.8,6,0.0,225.27,2024,11,November,0.1798132183908046
ORD-100633,2025-03-08,2025-03-09,Second Class,CUST-1225,Customer 1248,Consumer,United States,Orlando,Florida,85001,East,PROD-1061,Office Supplies,Binders,Binders Product 60,254.88,4,0.2,6.85,2025,3,March,0.026875392341494036
ORD-100634,2025-05-07,2025-05-12,First Class,CUST-1097,Customer 1197,Consumer,United States,Cleveland,Ohio,33101,West,PROD-1132,Office Supplies,Art Supplies,Art Supplies Product 34,603.15,5,0.15,99.02,2025,5,May,0.1641714333084639
ORD-100635,2025-04-26,2025-04-28,Standard Class,CUST-1033,Customer 1200,Consumer,United States,Los Angeles,California,60601,East,PROD-1248,Technology,Phones,Phones Product 62,1231.58,2,0.15,22.62,2025,4,April,0.01836665096867439
ORD-100636,2025-10-04,2025-10-06,Second Class,CUST-1125,Customer 1131,Corporate,United States,Houston,Texas,90001,Central,PROD-1141,Office Supplies,Art Supplies,Art Supplies Product 2,990.68,4,0.0,196.03,2025,10,October,0.19787418742681795
ORD-100637,2025-10-20,2025-10-25,First Class,CUST-1128,Customer 1212,Corporate,United States,Columbus,Ohio,60601,West,PROD-1281,Office Supplies,Art Supplies,Art Supplies Product 2,155.28,1,0.1,14.67,2025,10,October,0.09447449768160741
ORD-100638,2025-05-04,2025-05-08,Second Class,CUST-1084,Customer 1131,Home Office,United States,Orlando,Florida,10001,Central,PROD-1154,Office Supplies,Binders,Binders Product 56,208.9,5,0.15,3.08,2025,5,May,0.014743896601244614
ORD-100639,2025-09-24,2025-09-26,Same Day,CUST-1216,Customer 1110,Home Office,United States,Chicago,Illinois,60601,South,PROD-1071,Technology,Laptops,Laptops Product 33,358.16,1,0.15,30.21,2025,9,September,0.08434777752959571
ORD-100640,2024-12-09,2024-12-13,Same Day,CUST-1184,Customer 1014,Consumer,United States,Peoria,Illinois,73301,South,PROD-1192,Office Supplies,Labels,Labels Product 64,535.57,1,0.3,-54.86,2024,12,December,-0.10243292193364079
ORD-100641,2025-03-02,2025-03-03,Standard Class,CUST-1201,Customer 1027,Consumer,United States,New York City,New York,33101,West,PROD-1301,Furniture,Storage,Storage Product 8,1386.33,3,0.1,110.41,2025,3,March,0.07964193229606227
ORD-100642,2025-05-27,2025-05-29,Standard Class,CUST-1082,Customer 1065,Home Office,United States,New York City,New York,98101,West,PROD-1136,Furniture,Chairs,Chairs Product 3,538.04,4,0.2,55.94,2025,5,May,0.10396996505835998
ORD-100643,2025-11-25,2025-11-27,Standard Class,CUST-1185,Customer 1231,Home Office,United States,Houston,Texas,85001,East,PROD-1038,Furniture,Chairs,Chairs Product 41,374.16,3,0.2,1.87,2025,11,November,0.004997861877271755
ORD-100644,2025-01-02,2025-01-06,Standard Class,CUST-1144,Customer 1076,Consumer,United States,New York City,New York,60601,South,PROD-1347,Office Supplies,Binders,Binders Product 13,548.31,1,0.3,-36.26,2025,1,January,-0.06613047363717606
ORD-100645,2024-02-02,2024-02-04,Second Class,CUST-1029,Customer 1039,Home Office,United States,San Jose,California,33101,West,PROD-1017,Technology,Printers,Printers Product 56,446.51,1,0.15,-3.38,2024,2,February,-0.00756981926496607
ORD-100646,2025-10-15,2025-10-20,First Class,CUST-1155,Customer 1054,Corporate,United States,New York City,New York,90001,West,PROD-1272,Furniture,Tables,Tables Product 41,119.91,3,0.3,-11.98,2025,10,October,-0.09990826453173214
ORD-100647,2024-11-12,2024-11-13,Same Day,CUST-1002,Customer 1224,Corporate,United States,Phoenix,Arizona,60601,East,PROD-1342,Furniture,Bookcases,Bookcases Product 43,2710.02,6,0.3,-208.57,2024,11,November,-0.0769625316418329
ORD-100648,2025-04-09,2025-04-10,First Class,CUST-1007,Customer 1215,Home Office,United States,New York City,New York,60601,West,PROD-1081,Technology,Printers,Printers Product 30,1876.08,4,0.2,193.44,2025,4,April,0.103108609440962
ORD-100649,2024-07-26,2024-07-31,Same Day,CUST-1237,Customer 1047,Corporate,United States,San Jose,California,85001,East,PROD-1210,Technology,Accessories,Accessories Product 36,2270.05,5,0.2,27.6,2024,7,July,0.012158322503909606
ORD-100650,2024-06-05,2024-06-09,First Class,CUST-1015,Customer 1232,Home Office,United States,Columbus,Ohio,60601,Central,PROD-1338,Furniture,Tables,Tables Product 75,294.65,5,0.1,7.77,2024,6,June,0.02637026981164093
ORD-100651,2025-03-24,2025-03-27,Same Day,CUST-1043,Customer 1143,Consumer,United States,Orlando,Florida,90001,East,PROD-1115,Office Supplies,Paper,Paper Product 36,290.8,5,0.0,21.51,2025,3,March,0.07396836313617607
ORD-100652,2025-05-31,2025-06-04,First Class,CUST-1175,Customer 1054,Corporate,United States,Chicago,Illinois,10001,East,PROD-1223,Technology,Printers,Printers Product 9,167.0,5,0.3,6.97,2025,5,May,0.041736526946107785
ORD-100653,2024-11-11,2024-11-13,Second Class,CUST-1109,Customer 1189,Consumer,United States,Spokane,Washington,10001,Central,PROD-1124,Technology,Phones,Phones Product 19,1784.16,6,0.2,-62.98,2024,11,November,-0.03529952470630436
ORD-100654,2025-03-25,2025-03-28,First Class,CUST-1188,Customer 1008,Corporate,United States,Tucson,Arizona,33101,East,PROD-1137,Technology,Printers,Printers Product 2,439.98,6,0.1,68.11,2025,3,March,0.1548024910223192
ORD-100655,2025-08-24,2025-08-28,Standard Class,CUST-1056,Customer 1218,Home Office,United States,Chicago,Illinois,85001,East,PROD-1288,Office Supplies,Binders,Binders Product 50,1427.43,3,0.3,-122.75,2025,8,August,-0.08599370897346979
ORD-100656,2025-07-31,2025-08-04,Standard Class,CUST-1220,Customer 1038,Consumer,United States,Los Angeles,California,73301,West,PROD-1174,Technology,Accessories,Accessories Product 61,869.18,2,0.0,127.76,2025,7,July,0.14698911617846708
ORD-100657,2025-11-18,2025-11-19,Second Class,CUST-1032,Customer 1150,Home Office,United States,Austin,Texas,10001,West,PROD-1269,Furniture,Tables,Tables Product 47,1309.0,5,0.15,216.65,2025,11,November,0.16550802139037435
ORD-100658,2024-01-22,2024-01-24,First Class,CUST-1101,Customer 1071,Corporate,United States,Seattle,Washington,10001,West,PROD-1141,Office Supplies,Binders,Binders Product 10,202.47,1,0.2,2.07,2024,1,January,0.010223736849903688
ORD-100659,2025-11-14,2025-11-19,Standard Class,CUST-1021,Customer 1001,Home Office,United States,Phoenix,Arizona,10001,West,PROD-1033,Furniture,Tables,Tables Product 4,779.96,4,0.3,-22.69,2025,11,November,-0.02909123544797169
ORD-100660,2024-03-10,2024-03-11,Same Day,CUST-1024,Customer 1197,Consumer,United States,New York City,New York,73301,West,PROD-1175,Furniture,Bookcases,Bookcases Product 76,701.82,6,0.15,1.6,2024,3,March,0.0022797868399304666
ORD-100661,2024-01-18,2024-01-19,First Class,CUST-1060,Customer 1146,Consumer,United States,Cleveland,Ohio,90001,South,PROD-1031,Technology,Phones,Phones Product 59,2202.92,4,0.05,145.48,2024,1,January,0.06603962014054073
ORD-100662,2024-08-22,2024-08-24,Second Class,CUST-1245,Customer 1227,Corporate,United States,Columbus,Ohio,33101,East,PROD-1267,Furniture,Chairs,Chairs Product 61,1243.8,3,0.05,129.32,2024,8,August,0.10397169963016561
ORD-100663,2025-05-16,2025-05-17,Second Class,CUST-1206,Customer 1105,Corporate,United States,San Diego,California,10001,Central,PROD-1013,Technology,Printers,Printers Product 35,2094.06,6,0.0,188.03,2025,5,May,0.08979207854598245
ORD-100664,2025-12-17,2025-12-21,Standard Class,CUST-1222,Customer 1042,Consumer,United States,Mesa,Arizona,43215,East,PROD-1060,Office Supplies,Binders,Binders Product 40,1694.34,3,0.05,69.35,2025,12,December,0.040930391774968426
ORD-100665,2024-08-21,2024-08-23,First Class,CUST-1080,Customer 1234,Consumer,United States,Springfield,Illinois,85001,South,PROD-1185,Office Supplies,Labels,Labels Product 6,1117.2,7,0.0,281.15,2024,8,August,0.25165592552810595
ORD-100666,2025-04-01,2025-04-04,Standard Class,CUST-1194,Customer 1207,Corporate,United States,Austin,Texas,60601,Central,PROD-1004,Furniture,Tables,Tables Product 6,2762.27,7,0.1,455.22,2025,4,April,0.16479924120379255
ORD-100667,2024-01-17,2024-01-20,Second Class,CUST-1111,Customer 1101,Corporate,United States,Buffalo,New York,85001,West,PROD-1247,Furniture,Tables,Tables Product 35,1487.84,4,0.2,189.6,2024,1,January,0.12743305731799118
ORD-100668,2025-01-15,2025-01-17,Standard Class,CUST-1051,Customer 1083,Home Office,United States,Rochester,New York,43215,West,PROD-1127,Technology,Accessories,Accessories Product 44,1949.46,6,0.2,277.57,2025,1,January,0.1423830188872816
ORD-100669,2025-05-17,2025-05-20,First Class,CUST-1015,Customer 1001,Home Office,United States,Chicago,Illinois,90001,West,PROD-1096,Technology,Laptops,Laptops Product 73,475.09,7,0.1,69.18,2025,5,May,0.14561451514449897
ORD-100670,2024-08-22,2024-08-26,First Class,CUST-1051,Customer 1081,Home Office,United States,Columbus,Ohio,90001,Central,PROD-1155,Technology,Accessories,Accessories Product 40,1370.95,5,0.0,198.37,2024,8,August,0.14469528429191436
ORD-100671,2025-04-15,2025-04-18,First Class,CUST-1205,Customer 1029,Consumer,United States,Seattle,Washington,98101,East,PROD-1280,Technology,Printers,Printers Product 23,3178.0,5,0.3,-57.76,2025,4,April,-0.01817495280050346
ORD-100672,2025-03-08,2025-03-12,Second Class,CUST-1202,Customer 1055,Home Office,United States,Los Angeles,California,60601,Central,PROD-1164,Furniture,Tables,Tables Product 19,255.34,1,0.15,48.52,2025,3,March,0.19002114827289104
ORD-100673,2025-07-03,2025-07-06,Second Class,CUST-1190,Customer 1199,Consumer,United States,Cincinnati,Ohio,85001,South,PROD-1324,Office Supplies,Binders,Binders Product 44,1617.84,3,0.05,361.88,2025,7,July,0.22368095732581714
ORD-100674,2025-10-31,2025-11-03,Standard Class,CUST-1158,Customer 1003,Home Office,United States,Springfield,Illinois,73301,East,PROD-1263,Technology,Laptops,Laptops Product 49,1400.85,5,0.05,96.18,2025,10,October,0.06865831459471036
ORD-100675,2024-12-27,2024-12-30,First Class,CUST-1008,Customer 1032,Corporate,United States,Chicago,Illinois,60601,East,PROD-1349,Technology,Phones,Phones Product 35,2322.3,5,0.2,-44.96,2024,12,December,-0.019360117125263747
ORD-100676,2024-04-04,2024-04-06,Second Class,CUST-1169,Customer 1194,Corporate,United States,Phoenix,Arizona,10001,South,PROD-1196,Technology,Accessories,Accessories Product 25,450.22,1,0.2,-1.91,2024,4,April,-0.004242370396694949
ORD-100677,2024-08-08,2024-08-12,Same Day,CUST-1020,Customer 1237,Corporate,United States,Austin,Texas,85001,East,PROD-1130,Furniture,Tables,Tables Product 78,600.6,1,0.0,82.35,2024,8,August,0.1371128871128871
ORD-100678,2024-08-23,2024-08-25,Same Day,CUST-1021,Customer 1234,Corporate,United States,Tampa,Florida,43215,East,PROD-1148,Technology,Phones,Phones Product 74,1609.08,6,0.05,330.32,2024,8,August,0.20528500758197232
ORD-100679,2024-06-10,2024-06-13,Same Day,CUST-1108,Customer 1210,Home Office,United States,Tampa,Florida,73301,West,PROD-1221,Technology,Phones,Phones Product 63,94.05,5,0.2,5.25,2024,6,June,0.0558213716108453
ORD-100680,2025-06-05,2025-06-07,Second Class,CUST-1026,Customer 1015,Home Office,United States,Buffalo,New York,33101,West,PROD-1062,Technology,Accessories,Accessories Product 47,1898.4,3,0.0,284.12,2025,6,June,0.14966287399915718
ORD-100681,2025-05-16,2025-05-20,First Class,CUST-1077,Customer 1092,Consumer,United States,San Jose,California,10001,Central,PROD-1136,Office Supplies,Labels,Labels Product 68,83.96,1,0.0,22.71,2025,5,May,0.2704859456884231
ORD-100682,2024-11-19,2024-11-20,Second Class,CUST-1187,Customer 1007,Consumer,United States,Spokane,Washington,85001,West,PROD-1340,Technology,Phones,Phones Product 75,1154.2,4,0.1,242.54,2024,11,November,0.2101368913533183
ORD-100683,2025-09-28,2025-10-02,First Class,CUST-1010,Customer 1015,Corporate,United States,Dallas,Texas,60601,West,PROD-1215,Furniture,Chairs,Chairs Product 17,3805.41,7,0.3,31.35,2025,9,September,0.00823827130322357
ORD-100684,2025-04-08,2025-04-10,Same Day,CUST-1068,Customer 1246,Corporate,United States,Miami,Florida,60601,South,PROD-1254,Technology,Accessories,Accessories Product 6,1734.16,4,0.0,242.41,2025,4,April,0.13978525626239793
ORD-100685,2024-03-14,2024-03-16,Second Class,CUST-1076,Customer 1142,Consumer,United States,Phoenix,Arizona,85001,East,PROD-1324,Furniture,Bookcases,Bookcases Product 28,2446.85,5,0.0,243.25,2024,3,March,0.0994135316835932
ORD-100686,2024-08-15,2024-08-18,Second Class,CUST-1209,Customer 1110,Corporate,United States,New York City,New York,33101,East,PROD-1066,Office Supplies,Binders,Binders Product 39,823.62,2,0.05,109.05,2024,8,August,0.13240329278065127
ORD-100687,2025-02-12,2025-02-13,Same Day,CUST-1025,Customer 1191,Corporate,United States,Buffalo,New York,60601,East,PROD-1218,Technology,Printers,Printers Product 61,1286.4,2,0.2,-53.64,2025,2,February,-0.04169776119402985
ORD-100688,2025-04-30,2025-05-05,First Class,CUST-1068,Customer 1009,Consumer,United States,San Diego,California,98101,East,PROD-1138,Office Supplies,Binders,Binders Product 61,1576.2,5,0.15,190.8,2025,4,April,0.12105062809288161
ORD-100689,2024-04-22,2024-04-23,First Class,CUST-1051,Customer 1178,Consumer,United States,Tacoma,Washington,33101,South,PROD-1123,Office Supplies,Binders,Binders Product 48,130.85,5,0.1,26.96,2024,4,April,0.20603744745892244
ORD-100690,2024-02-03,2024-02-08,First Class,CUST-1226,Customer 1217,Home Office,United States,Buffalo,New York,90001,West,PROD-1081,Office Supplies,Art Supplies,Art Supplies Product 47,370.04,4,0.3,23.31,2024,2,February,0.06299318992541346
ORD-100691,2025-02-06,2025-02-10,Second Class,CUST-1026,Customer 1104,Home Office,United States,Spokane,Washington,43215,East,PROD-1134,Furniture,Bookcases,Bookcases Product 1,1741.8,6,0.1,232.78,2025,2,February,0.13364335744631992
ORD-100692,2025-04-16,2025-04-21,Standard Class,CUST-1138,Customer 1056,Consumer,United States,New York City,New York,85001,East,PROD-1017,Technology,Laptops,Laptops Product 61,565.97,1,0.0,22.88,2025,4,April,0.04042617099846281
ORD-100693,2024-11-11,2024-11-13,Standard Class,CUST-1118,Customer 1208,Consumer,United States,Austin,Texas,60601,South,PROD-1216,Furniture,Storage,Storage Product 11,1584.0,6,0.2,-65.17,2024,11,November,-0.041142676767676765
ORD-100694,2024-01-18,2024-01-19,Same Day,CUST-1001,Customer 1063,Consumer,United States,New York City,New York,73301,East,PROD-1266,Furniture,Bookcases,Bookcases Product 7,1263.45,5,0.2,145.36,2024,1,January,0.1150500613399818
ORD-100695,2025-12-24,2025-12-29,Second Class,CUST-1061,Customer 1058,Consumer,United States,Miami,Florida,98101,Central,PROD-1263,Technology,Phones,Phones Product 35,742.18,2,0.05,183.6,2025,12,December,0.24737934193861327
ORD-100696,2025-06-20,2025-06-24,First Class,CUST-1088,Customer 1149,Home Office,United States,Austin,Texas,90001,West,PROD-1093,Office Supplies,Paper,Paper Product 32,1268.68,2,0.3,-29.67,2025,6,June,-0.023386511965192168
ORD-100697,2025-03-21,2025-03-23,Same Day,CUST-1024,Customer 1066,Consumer,United States,Seattle,Washington,98101,Central,PROD-1197,Technology,Laptops,Laptops Product 3,173.44,4,0.1,26.96,2025,3,March,0.15544280442804428
ORD-100698,2025-03-22,2025-03-24,Second Class,CUST-1244,Customer 1164,Consumer,United States,Peoria,Illinois,85001,Central,PROD-1304,Technology,Phones,Phones Product 40,1563.0,3,0.15,234.8,2025,3,March,0.15022392834293027
ORD-100699,2025-06-03,2025-06-07,First Class,CUST-1191,Customer 1074,Home Office,United States,Columbus,Ohio,33101,South,PROD-1304,Technology,Printers,Printers Product 71,333.05,5,0.1,55.62,2025,6,June,0.16700195165891005
ORD-100700,2024-01-29,2024-02-01,Same Day,CUST-1095,Customer 1017,Consumer,United States,Spokane,Washington,60601,West,PROD-1265,Furniture,Tables,Tables Product 7,1154.16,2,0.15,156.54,2024,1,January,0.1356311083385319
ORD-100701,2025-05-13,2025-05-18,Same Day,CUST-1085,Customer 1202,Corporate,United States,Tacoma,Washington,33101,South,PROD-1088,Office Supplies,Labels,Labels Product 69,280.17,3,0.2,-18.4,2025,5,May,-0.06567441196416461
ORD-100702,2025-11-10,2025-11-12,Standard Class,CUST-1190,Customer 1128,Corporate,United States,Orlando,Florida,43215,West,PROD-1257,Technology,Phones,Phones Product 44,180.48,6,0.0,8.1,2025,11,November,0.04488031914893617
ORD-100703,2025-12-20,2025-12-22,Standard Class,CUST-1058,Customer 1146,Home Office,United States,Rochester,New York,73301,South,PROD-1343,Furniture,Tables,Tables Product 3,3628.38,7,0.05,903.91,2025,12,December,0.24912219778523748
ORD-100704,2025-05-06,2025-05-07,Second Class,CUST-1165,Customer 1094,Consumer,United States,Buffalo,New York,10001,West,PROD-1336,Office Supplies,Paper,Paper Product 24,2294.6,7,0.0,475.2,2025,5,May,0.20709491850431447
ORD-100705,2025-07-27,2025-07-29,Second Class,CUST-1189,Customer 1004,Home Office,United States,Mesa,Arizona,90001,Central,PROD-1341,Technology,Printers,Printers Product 57,2443.26,6,0.3,-231.11,2025,7,July,-0.0945908335584424
ORD-100706,2025-12-31,2026-01-04,Same Day,CUST-1071,Customer 1162,Consumer,United States,Phoenix,Arizona,98101,South,PROD-1171,Furniture,Bookcases,Bookcases Product 73,139.51,7,0.0,30.79,2025,12,December,0.22070102501612787
ORD-100707,2024-08-22,2024-08-23,Same Day,CUST-1024,Customer 1217,Corporate,United States,San Diego,California,60601,West,PROD-1348,Furniture,Storage,Storage Product 38,350.69,1,0.3,0.59,2024,8,August,0.0016823975590977787
ORD-100708,2025-08-05,2025-08-06,First Class,CUST-1210,Customer 1099,Corporate,United States,San Diego,California,98101,Central,PROD-1042,Technology,Printers,Printers Product 11,312.6,6,0.2,10.91,2025,8,August,0.034900831733845165
ORD-100709,2024-03-12,2024-03-16,Standard Class,CUST-1222,Customer 1159,Corporate,United States,Rochester,New York,33101,South,PROD-1192,Office Supplies,Art Supplies,Art Supplies Product 77,1021.56,3,0.2,72.44,2024,3,March,0.0709111554876855
ORD-100710,2024-05-14,2024-05-17,Standard Class,CUST-1112,Customer 1164,Corporate,United States,Buffalo,New York,85001,East,PROD-1221,Technology,Printers,Printers Product 24,345.95,5,0.1,56.77,2024,5,May,0.1640988582165053
ORD-100711,2024-06-18,2024-06-23,Same Day,CUST-1134,Customer 1135,Consumer,United States,Springfield,Illinois,60601,Central,PROD-1038,Office Supplies,Paper,Paper Product 59,2689.19,7,0.05,263.62,2024,6,June,0.09802951818205483
ORD-100712,2025-06-30,2025-07-04,Same Day,CUST-1107,Customer 1208,Consumer,United States,Rochester,New York,10001,South,PROD-1197,Technology,Printers,Printers Product 14,3483.83,7,0.05,83.65,2025,6,June,0.02401093049890494
ORD-100713,2024-07-04,2024-07-05,Standard Class,CUST-1182,Customer 1011,Consumer,United States,Spokane,Washington,85001,West,PROD-1032,Furniture,Bookcases,Bookcases Product 28,732.8,4,0.1,162.39,2024,7,July,0.22160207423580786
ORD-100714,2025-04-19,2025-04-24,Standard Class,CUST-1092,Customer 1025,Corporate,United States,Rochester,New York,60601,South,PROD-1225,Furniture,Chairs,Chairs Product 46,1104.32,4,0.3,60.03,2025,4,April,0.05435924369747899
ORD-100715,2025-03-24,2025-03-29,Standard Class,CUST-1184,Customer 1056,Home Office,United States,Tucson,Arizona,90001,Central,PROD-1088,Furniture,Storage,Storage Product 16,883.4,2,0.0,182.65,2025,3,March,0.20675798052977135
ORD-100716,2025-07-05,2025-07-10,First Class,CUST-1127,Customer 1155,Home Office,United States,Peoria,Illinois,85001,East,PROD-1311,Technology,Laptops,Laptops Product 44,351.85,1,0.3,40.09,2025,7,July,0.11394059968736678
ORD-100717,2025-12-04,2025-12-06,Standard Class,CUST-1231,Customer 1047,Consumer,United States,Miami,Florida,98101,West,PROD-1077,Furniture,Storage,Storage Product 9,1385.19,3,0.05,191.04,2025,12,December,0.1379160981526
ORD-100718,2024-06-20,2024-06-22,Same Day,CUST-1164,Customer 1116,Consumer,United States,Peoria,Illinois,85001,West,PROD-1245,Office Supplies,Art Supplies,Art Supplies Product 27,351.85,5,0.2,-23.11,2024,6,June,-0.06568139832314907
ORD-100719,2025-11-03,2025-11-05,Second Class,CUST-1221,Customer 1123,Home Office,United States,Houston,Texas,98101,West,PROD-1273,Technology,Printers,Printers Product 60,183.47,7,0.1,15.94,2025,11,November,0.08688068894097127
ORD-100720,2024-12-06,2024-12-10,Same Day,CUST-1125,Customer 1057,Consumer,United States,Chicago,Illinois,73301,East,PROD-1015,Furniture,Storage,Storage Product 69,1283.31,3,0.05,30.95,2024,12,December,0.02411732161363973
ORD-100721,2024-04-28,2024-04-29,First Class,CUST-1004,Customer 1021,Home Office,United States,Orlando,Florida,60601,South,PROD-1025,Technology,Laptops,Laptops Product 15,2169.75,5,0.05,281.03,2024,4,April,0.12952183431270883
ORD-100722,2025-02-28,2025-03-04,Standard Class,CUST-1084,Customer 1034,Consumer,United States,San Jose,California,85001,South,PROD-1197,Technology,Laptops,Laptops Product 30,1786.85,5,0.15,-17.51,2025,2,February,-0.009799367602205
ORD-100723,2024-02-21,2024-02-26,Standard Class,CUST-1107,Customer 1126,Consumer,United States,Cleveland,Ohio,60601,East,PROD-1014,Office Supplies,Art Supplies,Art Supplies Product 42,1752.73,7,0.15,-25.9,2024,2,February,-0.014776947961180557
ORD-100724,2025-04-15,2025-04-20,Standard Class,CUST-1120,Customer 1052,Home Office,United States,Cincinnati,Ohio,10001,East,PROD-1260,Office Supplies,Binders,Binders Product 69,2178.65,5,0.15,376.65,2025,4,April,0.17288228949119866
ORD-100725,2024-12-01,2024-12-04,Second Class,CUST-1149,Customer 1198,Home Office,United States,Columbus,Ohio,60601,Central,PROD-1108,Technology,Laptops,Laptops Product 69,259.39,1,0.15,1.34,2024,12,December,0.005165966305563052
ORD-100726,2025-08-16,2025-08-17,Standard Class,CUST-1063,Customer 1055,Home Office,United States,Orlando,Florida,73301,West,PROD-1105,Technology,Printers,Printers Product 69,634.47,3,0.15,6.77,2025,8,August,0.010670323261935157
ORD-100727,2025-02-15,2025-02-18,First Class,CUST-1165,Customer 1193,Consumer,United States,Rochester,New York,90001,Central,PROD-1065,Office Supplies,Labels,Labels Product 3,1446.24,3,0.2,155.72,2025,2,February,0.10767230888372607
ORD-100728,2024-01-30,2024-02-02,Standard Class,CUST-1184,Customer 1249,Corporate,United States,Peoria,Illinois,33101,West,PROD-1047,Office Supplies,Binders,Binders Product 53,1146.12,2,0.0,158.08,2024,1,January,0.13792622064007262
ORD-100729,2024-05-26,2024-05-29,Standard Class,CUST-1015,Customer 1174,Consumer,United States,Dallas,Texas,60601,West,PROD-1060,Technology,Phones,Phones Product 57,1582.08,6,0.3,166.12,2024,5,May,0.10500101132686085
ORD-100730,2024-04-05,2024-04-08,Second Class,CUST-1111,Customer 1234,Corporate,United States,Dallas,Texas,60601,West,PROD-1166,Office Supplies,Labels,Labels Product 35,1162.0,5,0.05,93.58,2024,4,April,0.08053356282271945
ORD-100731,2025-01-28,2025-02-02,Same Day,CUST-1101,Customer 1132,Consumer,United States,Rochester,New York,90001,West,PROD-1098,Office Supplies,Art Supplies,Art Supplies Product 37,1196.85,3,0.05,252.56,2025,1,January,0.21102059573045914
ORD-100732,2025-10-13,2025-10-17,Second Class,CUST-1226,Customer 1162,Consumer,United States,Orlando,Florida,60601,South,PROD-1144,Office Supplies,Paper,Paper Product 10,688.3,5,0.1,148.38,2025,10,October,0.2155746040970507
ORD-100733,2024-10-01,2024-10-03,First Class,CUST-1166,Customer 1029,Home Office,United States,Rochester,New York,43215,East,PROD-1210,Technology,Accessories,Accessories Product 46,1756.32,3,0.1,207.25,2024,10,October,0.11800241413865355
ORD-100734,2024-06-23,2024-06-25,First Class,CUST-1156,Customer 1081,Home Office,United States,Dallas,Texas,60601,East,PROD-1020,Office Supplies,Art Supplies,Art Supplies Product 13,1441.16,4,0.1,-0.84,2024,6,June,-0.0005828638041577617
ORD-100735,2025-02-04,2025-02-09,First Class,CUST-1034,Customer 1097,Corporate,United States,Rochester,New York,85001,West,PROD-1130,Technology,Laptops,Laptops Product 28,2700.18,6,0.1,164.05,2025,2,February,0.06075520891199847
ORD-100736,2025-08-01,2025-08-02,Same Day,CUST-1233,Customer 1010,Corporate,United States,San Diego,California,85001,Central,PROD-1214,Furniture,Tables,Tables Product 37,2716.56,7,0.15,155.56,2025,8,August,0.057263598079924614
ORD-100737,2024-03-26,2024-03-30,Second Class,CUST-1250,Customer 1048,Consumer,United States,Mesa,Arizona,10001,Central,PROD-1033,Technology,Laptops,Laptops Product 44,893.64,6,0.2,110.3,2024,3,March,0.12342777852379033
ORD-100738,2024-10-18,2024-10-19,Second Class,CUST-1204,Customer 1172,Home Office,United States,Chicago,Illinois,90001,West,PROD-1244,Technology,Printers,Printers Product 24,447.58,1,0.05,29.23,2024,10,October,0.0653067608025381
ORD-100739,2025-08-25,2025-08-29,Second Class,CUST-1121,Customer 1043,Consumer,United States,New York City,New York,60601,East,PROD-1291,Furniture,Storage,Storage Product 23,345.64,2,0.15,17.32,2025,8,August,0.05010994097905335
ORD-100740,2025-07-26,2025-07-29,Standard Class,CUST-1067,Customer 1249,Home Office,United States,Cleveland,Ohio,10001,Central,PROD-1172,Furniture,Tables,Tables Product 64,94.89,3,0.0,7.2,2025,7,July,0.0758773316471704
ORD-100741,2024-02-23,2024-02-24,Second Class,CUST-1048,Customer 1167,Home Office,United States,Spokane,Washington,98101,West,PROD-1158,Furniture,Chairs,Chairs Product 31,296.26,2,0.3,-13.74,2024,2,February,-0.04637818132721259
ORD-100742,2025-10-23,2025-10-24,Standard Class,CUST-1047,Customer 1213,Home Office,United States,Austin,Texas,43215,East,PROD-1054,Technology,Printers,Printers Product 12,2586.35,5,0.2,-19.02,2025,10,October,-0.007353993079049626
ORD-100743,2024-09-17,2024-09-19,Second Class,CUST-1052,Customer 1116,Corporate,United States,Springfield,Illinois,60601,West,PROD-1029,Office Supplies,Binders,Binders Product 19,189.73,1,0.3,-8.28,2024,9,September,-0.043640963474411
ORD-100744,2025-09-09,2025-09-14,Same Day,CUST-1017,Customer 1160,Corporate,United States,Columbus,Ohio,73301,South,PROD-1256,Office Supplies,Art Supplies,Art Supplies Product 52,389.94,3,0.1,56.68,2025,9,September,0.1453556957480638
ORD-100745,2025-05-27,2025-05-31,First Class,CUST-1050,Customer 1118,Corporate,United States,Cleveland,Ohio,85001,South,PROD-1020,Furniture,Storage,Storage Product 14,632.16,2,0.1,65.27,2025,5,May,0.1032491774234371
ORD-100746,2024-07-26,2024-07-30,Standard Class,CUST-1033,Customer 1044,Consumer,United States,Tucson,Arizona,43215,South,PROD-1007,Technology,Phones,Phones Product 32,1991.05,5,0.1,-12.41,2024,7,July,-0.006232892192561714
ORD-100747,2024-03-10,2024-03-15,Standard Class,CUST-1198,Customer 1216,Consumer,United States,Springfield,Illinois,60601,South,PROD-1332,Office Supplies,Labels,Labels Product 56,4007.5,7,0.05,450.87,2024,3,March,0.1125065502183406
ORD-100748,2025-01-17,2025-01-22,Standard Class,CUST-1169,Customer 1116,Consumer,United States,Tacoma,Washington,73301,South,PROD-1125,Office Supplies,Binders,Binders Product 25,193.6,5,0.2,13.59,2025,1,January,0.07019628099173554
ORD-100749,2025-05-31,2025-06-05,Second Class,CUST-1037,Customer 1177,Corporate,United States,Orlando,Florida,60601,East,PROD-1145,Furniture,Storage,Storage Product 9,1016.01,3,0.3,-19.95,2025,5,May,-0.019635633507544218
ORD-100750,2025-06-14,2025-06-17,Second Class,CUST-1026,Customer 1232,Corporate,United States,Mesa,Arizona,98101,South,PROD-1046,Furniture,Tables,Tables Product 75,2648.8,7,0.0,394.71,2025,6,June,0.1490146481425551
ORD-100751,2024-01-28,2024-02-02,Same Day,CUST-1175,Customer 1114,Consumer,United States,Cincinnati,Ohio,43215,East,PROD-1250,Furniture,Chairs,Chairs Product 59,2267.0,5,0.05,527.31,2024,1,January,0.23260255844728714
ORD-100752,2024-10-29,2024-10-31,Standard Class,CUST-1033,Customer 1097,Corporate,United States,Cleveland,Ohio,43215,South,PROD-1044,Office Supplies,Labels,Labels Product 58,841.26,7,0.3,12.98,2024,10,October,0.015429237096735849
ORD-100753,2025-02-02,2025-02-05,First Class,CUST-1056,Customer 1032,Home Office,United States,Miami,Florida,33101,West,PROD-1191,Furniture,Tables,Tables Product 72,302.36,4,0.15,15.85,2025,2,February,0.05242095515279799
ORD-100754,2024-11-06,2024-11-10,Same Day,CUST-1178,Customer 1115,Home Office,United States,Columbus,Ohio,98101,Central,PROD-1285,Furniture,Chairs,Chairs Product 8,979.68,4,0.2,11.02,2024,11,November,0.011248570961946758
ORD-100755,2024-09-14,2024-09-15,Standard Class,CUST-1061,Customer 1224,Consumer,United States,Dallas,Texas,60601,East,PROD-1240,Technology,Accessories,Accessories Product 59,3553.83,7,0.3,242.38,2024,9,September,0.06820247451341228
ORD-100756,2024-06-14,2024-06-18,First Class,CUST-1140,Customer 1141,Home Office,United States,Phoenix,Arizona,73301,Central,PROD-1063,Technology,Phones,Phones Product 38,1173.54,3,0.3,-100.45,2024,6,June,-0.08559571893586926
ORD-100757,2025-06-03,2025-06-06,Second Class,CUST-1022,Customer 1087,Consumer,United States,Miami,Florida,43215,East,PROD-1086,Furniture,Tables,Tables Product 5,211.93,1,0.15,10.83,2025,6,June,0.051101778889255885
ORD-100758,2024-03-24,2024-03-26,First Class,CUST-1166,Customer 1037,Consumer,United States,Orlando,Florida,33101,Central,PROD-1170,Office Supplies,Paper,Paper Product 5,187.16,1,0.2,-5.46,2024,3,March,-0.02917290019234879
ORD-100759,2025-06-10,2025-06-11,Standard Class,CUST-1125,Customer 1113,Consumer,United States,Cleveland,Ohio,90001,East,PROD-1166,Furniture,Tables,Tables Product 22,2934.82,7,0.1,-35.82,2025,6,June,-0.012205177830326902
ORD-100760,2024-11-16,2024-11-20,Same Day,CUST-1214,Customer 1077,Home Office,United States,Los Angeles,California,85001,South,PROD-1173,Office Supplies,Labels,Labels Product 73,376.86,6,0.15,-0.8,2024,11,November,-0.0021228042243804065
ORD-100761,2024-01-11,2024-01-14,Same Day,CUST-1096,Customer 1050,Consumer,United States,Tucson,Arizona,90001,East,PROD-1179,Technology,Printers,Printers Product 64,134.89,7,0.15,16.99,2024,1,January,0.1259544814293128
ORD-100762,2025-09-12,2025-09-17,Second Class,CUST-1079,Customer 1204,Consumer,United States,Cincinnati,Ohio,90001,West,PROD-1207,Technology,Printers,Printers Product 34,250.57,1,0.15,45.39,2025,9,September,0.1811469848744862
ORD-100763,2025-05-19,2025-05-20,Standard Class,CUST-1083,Customer 1225,Consumer,United States,Phoenix,Arizona,60601,Central,PROD-1187,Furniture,Chairs,Chairs Product 6,460.4,4,0.2,31.81,2025,5,May,0.06909209383145092
ORD-100764,2025-02-10,2025-02-14,Same Day,CUST-1211,Customer 1042,Home Office,United States,Spokane,Washington,90001,Central,PROD-1196,Technology,Accessories,Accessories Product 38,371.78,2,0.1,4.49,2025,2,February,0.012077034805530153
ORD-100765,2025-12-11,2025-12-12,Standard Class,CUST-1020,Customer 1106,Consumer,United States,Phoenix,Arizona,73301,South,PROD-1246,Furniture,Bookcases,Bookcases Product 22,383.2,2,0.05,38.26,2025,12,December,0.09984342379958246
ORD-100766,2024-09-20,2024-09-21,First Class,CUST-1054,Customer 1026,Consumer,United States,Houston,Texas,98101,South,PROD-1026,Technology,Printers,Printers Product 34,3173.65,5,0.05,357.33,2024,9,September,0.11259275597498147
ORD-100767,2025-07-19,2025-07-22,First Class,CUST-1143,Customer 1053,Home Office,United States,Cincinnati,Ohio,33101,South,PROD-1016,Furniture,Storage,Storage Product 70,3889.14,6,0.0,489.52,2025,7,July,0.12586844392333524
ORD-100768,2025-03-22,2025-03-25,Same Day,CUST-1152,Customer 1199,Corporate,United States,Peoria,Illinois,85001,South,PROD-1151,Furniture,Tables,Tables Product 79,363.72,2,0.2,11.45,2025,3,March,0.03148025954030573
ORD-100769,2024-12-23,2024-12-28,Standard Class,CUST-1121,Customer 1205,Corporate,United States,Los Angeles,California,60601,South,PROD-1243,Office Supplies,Paper,Paper Product 21,1115.25,5,0.0,162.68,2024,12,December,0.14586863931853844
ORD-100770,2025-10-25,2025-10-28,Same Day,CUST-1151,Customer 1150,Corporate,United States,Tacoma,Washington,85001,Central,PROD-1099,Furniture,Chairs,Chairs Product 39,619.15,7,0.15,16.62,2025,10,October,0.026843252846644596
ORD-100771,2025-10-25,2025-10-30,Same Day,CUST-1247,Customer 1178,Consumer,United States,Tacoma,Washington,33101,East,PROD-1112,Furniture,Bookcases,Bookcases Product 65,522.19,1,0.3,-37.37,2025,10,October,-0.07156399011853921
ORD-100772,2024-10-26,2024-10-31,Second Class,CUST-1222,Customer 1113,Home Office,United States,Tucson,Arizona,60601,South,PROD-1166,Office Supplies,Art Supplies,Art Supplies Product 77,1268.4,3,0.15,22.37,2024,10,October,0.017636392305266476
ORD-100773,2025-07-20,2025-07-24,Second Class,CUST-1174,Customer 1156,Consumer,United States,Mesa,Arizona,10001,Central,PROD-1183,Office Supplies,Binders,Binders Product 48,686.0,4,0.15,93.69,2025,7,July,0.1365743440233236
ORD-100774,2025-08-03,2025-08-04,Standard Class,CUST-1125,Customer 1002,Corporate,United States,Dallas,Texas,43215,West,PROD-1236,Technology,Laptops,Laptops Product 34,676.64,2,0.3,-17.83,2025,8,August,-0.026350792149444312
ORD-100775,2025-09-28,2025-10-03,Second Class,CUST-1201,Customer 1198,Corporate,United States,Los Angeles,California,98101,East,PROD-1206,Furniture,Storage,Storage Product 40,292.54,2,0.0,58.0,2025,9,September,0.19826348533533875
ORD-100776,2024-02-11,2024-02-15,First Class,CUST-1238,Customer 1133,Corporate,United States,New York City,New York,10001,West,PROD-1229,Technology,Printers,Printers Product 20,353.27,1,0.0,25.33,2024,2,February,0.07170153140657287
ORD-100777,2024-11-02,2024-11-03,Second Class,CUST-1154,Customer 1209,Corporate,United States,Austin,Texas,90001,Central,PROD-1120,Office Supplies,Paper,Paper Product 13,78.4,5,0.0,6.74,2024,11,November,0.08596938775510203
ORD-100778,2024-03-29,2024-03-30,Second Class,CUST-1134,Customer 1155,Corporate,United States,Chicago,Illinois,33101,South,PROD-1323,Technology,Phones,Phones Product 46,2182.11,7,0.15,348.84,2024,3,March,0.15986361824106024
ORD-100779,2025-02-01,2025-02-04,Second Class,CUST-1086,Customer 1019,Home Office,United States,Cincinnati,Ohio,33101,Central,PROD-1325,Technology,Accessories,Accessories Product 10,3642.96,6,0.2,-113.4,2025,2,February,-0.031128532841425655
ORD-100780,2024-10-14,2024-10-19,Same Day,CUST-1190,Customer 1234,Home Office,United States,Peoria,Illinois,33101,West,PROD-1205,Technology,Phones,Phones Product 56,666.51,3,0.1,135.7,2024,10,October,0.203597845493691
ORD-100781,2024-01-11,2024-01-13,First Class,CUST-1003,Customer 1084,Home Office,United States,Rochester,New York,85001,East,PROD-1107,Furniture,Bookcases,Bookcases Product 40,1788.36,6,0.1,289.42,2024,1,January,0.161835424634861
ORD-100782,2024-10-03,2024-10-07,Standard Class,CUST-1238,Customer 1146,Home Office,United States,Rochester,New York,33101,West,PROD-1110,Furniture,Storage,Storage Product 37,902.24,4,0.2,118.96,2024,10,October,0.1318496187267246
ORD-100783,2025-09-27,2025-09-30,Second Class,CUST-1212,Customer 1038,Home Office,United States,San Jose,California,10001,West,PROD-1215,Technology,Accessories,Accessories Product 15,1193.99,7,0.15,11.24,2025,9,September,0.00941381418604846
ORD-100784,2024-04-29,2024-05-04,Same Day,CUST-1250,Customer 1014,Corporate,United States,Austin,Texas,73301,South,PROD-1069,Office Supplies,Labels,Labels Product 7,40.55,1,0.1,4.91,2024,4,April,0.12108508014796548
ORD-100785,2025-07-21,2025-07-26,Same Day,CUST-1038,Customer 1101,Corporate,United States,Cleveland,Ohio,90001,South,PROD-1010,Office Supplies,Art Supplies,Art Supplies Product 36,635.01,1,0.0,29.01,2025,7,July,0.04568431993196958
ORD-100786,2024-09-11,2024-09-13,Standard Class,CUST-1021,Customer 1208,Home Office,United States,Orlando,Florida,98101,West,PROD-1069,Technology,Accessories,Accessories Product 70,2077.4,4,0.2,128.22,2024,9,September,0.061721382497352456
ORD-100787,2025-07-01,2025-07-06,Second Class,CUST-1096,Customer 1128,Corporate,United States,Phoenix,Arizona,73301,South,PROD-1278,Furniture,Bookcases,Bookcases Product 17,327.85,1,0.1,21.89,2025,7,July,0.06676833917950283
ORD-100788,2024-10-20,2024-10-25,First Class,CUST-1184,Customer 1063,Consumer,United States,Miami,Florida,85001,East,PROD-1027,Office Supplies,Labels,Labels Product 52,1098.27,3,0.05,160.09,2024,10,October,0.14576561319165598
ORD-100789,2024-01-05,2024-01-08,First Class,CUST-1050,Customer 1142,Corporate,United States,Tacoma,Washington,85001,East,PROD-1111,Furniture,Bookcases,Bookcases Product 47,613.98,2,0.3,62.11,2024,1,January,0.10115964689403563
ORD-100790,2025-10-01,2025-10-06,Second Class,CUST-1130,Customer 1070,Corporate,United States,New York City,New York,10001,South,PROD-1056,Technology,Laptops,Laptops Product 59,247.46,1,0.2,20.25,2025,10,October,0.08183140709609633
ORD-100791,2024-08-05,2024-08-08,Same Day,CUST-1203,Customer 1218,Home Office,United States,Mesa,Arizona,43215,West,PROD-1346,Technology,Phones,Phones Product 28,1192.44,3,0.0,140.61,2024,8,August,0.11791788266076281
ORD-100792,2025-10-23,2025-10-24,Second Class,CUST-1085,Customer 1152,Home Office,United States,San Jose,California,73301,East,PROD-1066,Technology,Accessories,Accessories Product 14,900.32,2,0.1,11.01,2025,10,October,0.012228985249688998
ORD-100793,2024-06-16,2024-06-18,Same Day,CUST-1043,Customer 1179,Corporate,United States,Austin,Texas,10001,Central,PROD-1237,Technology,Printers,Printers Product 63,87.88,2,0.2,10.26,2024,6,June,0.11675011379153391
ORD-100794,2025-05-17,2025-05-20,Standard Class,CUST-1138,Customer 1242,Home Office,United States,New York City,New York,60601,West,PROD-1254,Technology,Laptops,Laptops Product 57,1762.95,7,0.05,41.94,2025,5,May,0.023789670722368754
ORD-100795,2024-09-05,2024-09-08,Second Class,CUST-1003,Customer 1091,Home Office,United States,Spokane,Washington,33101,East,PROD-1081,Office Supplies,Art Supplies,Art Supplies Product 31,107.4,6,0.0,7.62,2024,9,September,0.07094972067039106
ORD-100796,2024-05-05,2024-05-09,Standard Class,CUST-1054,Customer 1185,Consumer,United States,Tacoma,Washington,90001,Central,PROD-1135,Furniture,Chairs,Chairs Product 29,353.2,1,0.2,25.85,2024,5,May,0.07318799546998868
ORD-100797,2024-01-16,2024-01-18,First Class,CUST-1032,Customer 1049,Consumer,United States,Buffalo,New York,98101,West,PROD-1316,Technology,Phones,Phones Product 59,2091.72,6,0.2,-142.33,2024,1,January,-0.06804448014074543
ORD-100798,2024-10-02,2024-10-03,Standard Class,CUST-1203,Customer 1054,Consumer,United States,Tucson,Arizona,85001,West,PROD-1342,Technology,Printers,Printers Product 37,372.76,2,0.15,1.05,2024,10,October,0.0028168258396823694
ORD-100799,2024-01-06,2024-01-10,Standard Class,CUST-1160,Customer 1154,Corporate,United States,Tucson,Arizona,60601,Central,PROD-1180,Furniture,Tables,Tables Product 36,935.34,2,0.3,-10.09,2024,1,January,-0.010787521115316355
ORD-100800,2024-04-29,2024-05-04,First Class,CUST-1081,Customer 1033,Home Office,United States,Mesa,Arizona,73301,Central,PROD-1036,Furniture,Tables,Tables Product 65,233.12,4,0.05,24.19,2024,4,April,0.10376630061770763
ORD-100801,2024-01-30,2024-02-04,Same Day,CUST-1048,Customer 1190,Consumer,United States,Los Angeles,California,43215,South,PROD-1230,Furniture,Storage,Storage Product 5,1417.11,3,0.2,74.99,2024,1,January,0.05291755756433869
ORD-100802,2024-12-03,2024-12-05,Standard Class,CUST-1205,Customer 1048,Home Office,United States,Los Angeles,California,98101,East,PROD-1238,Office Supplies,Labels,Labels Product 71,2257.15,5,0.1,123.9,2024,12,December,0.05489223135369825
ORD-100803,2024-08-26,2024-08-31,Standard Class,CUST-1039,Customer 1102,Corporate,United States,Tampa,Florida,10001,East,PROD-1118,Technology,Printers,Printers Product 21,600.15,5,0.15,67.7,2024,8,August,0.11280513205032076
ORD-100804,2024-01-12,2024-01-14,Standard Class,CUST-1102,Customer 1195,Consumer,United States,Dallas,Texas,33101,East,PROD-1171,Technology,Laptops,Laptops Product 77,253.14,1,0.3,-20.74,2024,1,January,-0.08193094730188828
ORD-100805,2024-07-27,2024-07-29,Standard Class,CUST-1246,Customer 1190,Corporate,United States,Columbus,Ohio,60601,South,PROD-1047,Office Supplies,Binders,Binders Product 64,662.95,5,0.05,110.48,2024,7,July,0.16664906855720643
ORD-100806,2025-08-11,2025-08-12,Second Class,CUST-1215,Customer 1058,Corporate,United States,Springfield,Illinois,33101,West,PROD-1157,Office Supplies,Binders,Binders Product 35,2546.24,4,0.05,636.13,2025,8,August,0.24983112353902226
ORD-100807,2025-08-09,2025-08-12,Standard Class,CUST-1211,Customer 1164,Home Office,United States,San Jose,California,43215,South,PROD-1172,Office Supplies,Art Supplies,Art Supplies Product 60,439.91,1,0.0,21.16,2025,8,August,0.04810074788024823
ORD-100808,2024-03-26,2024-03-29,First Class,CUST-1146,Customer 1178,Corporate,United States,Cincinnati,Ohio,98101,Central,PROD-1005,Office Supplies,Paper,Paper Product 42,624.04,2,0.1,7.96,2024,3,March,0.012755592590218577
ORD-100809,2024-12-06,2024-12-11,Second Class,CUST-1190,Customer 1091,Corporate,United States,Springfield,Illinois,90001,Central,PROD-1168,Furniture,Tables,Tables Product 65,1086.62,2,0.0,223.59,2024,12,December,0.205766505310044
ORD-100810,2025-06-06,2025-06-08,Second Class,CUST-1175,Customer 1209,Corporate,United States,Houston,Texas,73301,East,PROD-1186,Office Supplies,Labels,Labels Product 62,358.68,7,0.15,17.48,2025,6,June,0.048734247797479646
ORD-100811,2024-06-19,2024-06-22,Second Class,CUST-1068,Customer 1022,Consumer,United States,Spokane,Washington,73301,Central,PROD-1168,Technology,Printers,Printers Product 6,549.4,5,0.05,112.91,2024,6,June,0.20551510738987988
ORD-100812,2025-12-27,2025-12-30,Standard Class,CUST-1076,Customer 1009,Home Office,United States,Seattle,Washington,85001,West,PROD-1118,Furniture,Chairs,Chairs Product 34,3573.66,6,0.2,44.13,2025,12,December,0.012348684541898223
ORD-100813,2025-07-16,2025-07-21,Same Day,CUST-1245,Customer 1028,Home Office,United States,Los Angeles,California,10001,East,PROD-1193,Office Supplies,Paper,Paper Product 34,572.08,4,0.05,125.12,2025,7,July,0.2187106698363865
ORD-100814,2025-02-25,2025-02-28,Same Day,CUST-1121,Customer 1013,Consumer,United States,Tacoma,Washington,10001,South,PROD-1163,Technology,Phones,Phones Product 19,945.66,2,0.15,60.16,2025,2,February,0.06361694477930757
ORD-100815,2025-01-13,2025-01-15,First Class,CUST-1066,Customer 1075,Consumer,United States,Seattle,Washington,43215,Central,PROD-1067,Furniture,Storage,Storage Product 69,1031.72,4,0.1,193.38,2025,1,January,0.1874345752723607
ORD-100816,2024-06-26,2024-06-28,Same Day,CUST-1151,Customer 1006,Corporate,United States,Springfield,Illinois,60601,East,PROD-1035,Office Supplies,Binders,Binders Product 29,961.59,3,0.0,192.61,2024,6,June,0.20030366372362443
ORD-100817,2024-12-18,2024-12-20,First Class,CUST-1234,Customer 1181,Home Office,United States,Chicago,Illinois,73301,East,PROD-1322,Office Supplies,Paper,Paper Product 6,684.2,4,0.05,123.35,2024,12,December,0.18028354282373574
ORD-100818,2024-08-20,2024-08-23,Standard Class,CUST-1060,Customer 1214,Consumer,United States,Austin,Texas,10001,East,PROD-1083,Technology,Phones,Phones Product 77,523.92,6,0.05,12.52,2024,8,August,0.023896778134066272
ORD-100819,2024-08-15,2024-08-19,Second Class,CUST-1095,Customer 1023,Consumer,United States,Seattle,Washington,90001,South,PROD-1276,Office Supplies,Binders,Binders Product 13,1233.72,2,0.3,19.64,2024,8,August,0.01591933339817787
ORD-100820,2024-08-11,2024-08-12,First Class,CUST-1014,Customer 1195,Consumer,United States,Dallas,Texas,43215,Central,PROD-1334,Office Supplies,Binders,Binders Product 26,1053.66,6,0.0,253.44,2024,8,August,0.24053299925972324
ORD-100821,2025-05-09,2025-05-12,First Class,CUST-1142,Customer 1086,Corporate,United States,Mesa,Arizona,33101,West,PROD-1238,Office Supplies,Labels,Labels Product 10,139.4,1,0.15,18.02,2025,5,May,0.12926829268292683
ORD-100822,2025-10-10,2025-10-15,Second Class,CUST-1085,Customer 1051,Home Office,United States,Dallas,Texas,33101,West,PROD-1300,Technology,Accessories,Accessories Product 14,176.45,1,0.05,22.56,2025,10,October,0.12785491640691415
ORD-100823,2025-09-13,2025-09-17,Same Day,CUST-1012,Customer 1075,Home Office,United States,Dallas,Texas,43215,South,PROD-1229,Technology,Phones,Phones Product 6,3142.1,5,0.0,559.5,2025,9,September,0.17806562490054423
ORD-100824,2025-11-13,2025-11-17,Same Day,CUST-1172,Customer 1223,Consumer,United States,Mesa,Arizona,60601,South,PROD-1191,Office Supplies,Binders,Binders Product 42,2044.05,5,0.1,282.24,2025,11,November,0.13807881411902842
ORD-100825,2025-12-17,2025-12-19,First Class,CUST-1122,Customer 1044,Home Office,United States,Cincinnati,Ohio,33101,Central,PROD-1204,Furniture,Tables,Tables Product 74,607.11,1,0.2,51.84,2025,12,December,0.08538815041755202
ORD-100826,2024-07-19,2024-07-21,First Class,CUST-1011,Customer 1008,Home Office,United States,Los Angeles,California,85001,Central,PROD-1181,Furniture,Chairs,Chairs Product 20,317.16,3,0.15,36.54,2024,7,July,0.11520998864926218
ORD-100827,2025-09-16,2025-09-19,First Class,CUST-1159,Customer 1210,Corporate,United States,Tucson,Arizona,43215,South,PROD-1245,Office Supplies,Labels,Labels Product 37,555.39,3,0.2,17.29,2025,9,September,0.031131277120581932
ORD-100828,2024-12-13,2024-12-14,Standard Class,CUST-1249,Customer 1137,Consumer,United States,Miami,Florida,85001,Central,PROD-1032,Technology,Accessories,Accessories Product 45,1004.48,2,0.15,113.31,2024,12,December,0.112804635234151
ORD-100829,2024-11-11,2024-11-15,Standard Class,CUST-1078,Customer 1201,Corporate,United States,Orlando,Florida,85001,South,PROD-1114,Technology,Accessories,Accessories Product 78,607.92,1,0.2,17.96,2024,11,November,0.029543360968548496
ORD-100830,2025-10-08,2025-10-12,Same Day,CUST-1142,Customer 1210,Home Office,United States,San Diego,California,85001,Central,PROD-1165,Technology,Printers,Printers Product 71,781.62,2,0.05,109.87,2025,10,October,0.14056702745579694
ORD-100831,2024-08-15,2024-08-18,Standard Class,CUST-1116,Customer 1179,Corporate,United States,Dallas,Texas,73301,South,PROD-1016,Technology,Laptops,Laptops Product 65,2926.07,7,0.05,642.53,2024,8,August,0.21958804813281976
ORD-100832,2024-10-10,2024-10-15,Standard Class,CUST-1144,Customer 1247,Consumer,United States,Cincinnati,Ohio,98101,South,PROD-1032,Furniture,Storage,Storage Product 51,397.12,1,0.3,-38.31,2024,10,October,-0.09646958098307817
ORD-100833,2025-05-15,2025-05-16,Same Day,CUST-1183,Customer 1243,Consumer,United States,Tacoma,Washington,73301,South,PROD-1071,Office Supplies,Binders,Binders Product 73,599.41,7,0.0,141.25,2025,5,May,0.23564838758112144
ORD-100834,2024-02-15,2024-02-20,First Class,CUST-1198,Customer 1229,Consumer,United States,Peoria,Illinois,90001,West,PROD-1262,Furniture,Tables,Tables Product 37,4324.88,7,0.2,-221.23,2024,2,February,-0.05115286435693013
ORD-100835,2024-11-28,2024-11-29,First Class,CUST-1166,Customer 1032,Corporate,United States,Mesa,Arizona,73301,South,PROD-1215,Furniture,Chairs,Chairs Product 25,616.9,5,0.15,4.17,2024,11,November,0.006759604473982817
ORD-100836,2024-06-06,2024-06-11,Same Day,CUST-1040,Customer 1179,Consumer,United States,San Diego,California,73301,East,PROD-1063,Furniture,Bookcases,Bookcases Product 48,536.61,1,0.3,-20.01,2024,6,June,-0.03728965170235367
ORD-100837,2025-02-14,2025-02-16,Standard Class,CUST-1137,Customer 1026,Consumer,United States,Springfield,Illinois,60601,West,PROD-1164,Office Supplies,Art Supplies,Art Supplies Product 9,1957.6,4,0.15,-36.1,2025,2,February,-0.018440948099713937
ORD-100838,2024-05-01,2024-05-05,Same Day,CUST-1062,Customer 1084,Home Office,United States,New York City,New York,90001,South,PROD-1166,Office Supplies,Binders,Binders Product 72,231.17,1,0.1,43.41,2024,5,May,0.1877838819916079
ORD-100839,2024-03-18,2024-03-20,Same Day,CUST-1160,Customer 1205,Consumer,United States,San Diego,California,90001,South,PROD-1253,Office Supplies,Binders,Binders Product 57,3700.32,6,0.15,-131.03,2024,3,March,-0.03541045098802265
ORD-100840,2025-09-14,2025-09-15,First Class,CUST-1128,Customer 1210,Home Office,United States,Buffalo,New York,33101,East,PROD-1218,Furniture,Bookcases,Bookcases Product 30,544.88,1,0.15,84.5,2025,9,September,0.15508001761855822
ORD-100841,2024-08-27,2024-08-31,Standard Class,CUST-1248,Customer 1148,Home Office,United States,Mesa,Arizona,85001,West,PROD-1068,Technology,Phones,Phones Product 54,2219.95,5,0.15,-65.63,2024,8,August,-0.029563728912813354
ORD-100842,2024-09-05,2024-09-09,Second Class,CUST-1092,Customer 1120,Home Office,United States,Dallas,Texas,73301,Central,PROD-1297,Furniture,Storage,Storage Product 52,4228.91,7,0.1,329.48,2024,9,September,0.0779113293969368
ORD-100843,2025-10-07,2025-10-12,Standard Class,CUST-1114,Customer 1231,Corporate,United States,Houston,Texas,60601,Central,PROD-1325,Office Supplies,Paper,Paper Product 75,725.78,2,0.3,-27.59,2025,10,October,-0.03801427429799664
ORD-100844,2024-01-15,2024-01-17,Standard Class,CUST-1214,Customer 1031,Home Office,United States,Buffalo,New York,43215,East,PROD-1280,Furniture,Bookcases,Bookcases Product 39,3433.92,7,0.15,241.48,2024,1,January,0.07032196440219923
ORD-100845,2025-01-08,2025-01-09,First Class,CUST-1094,Customer 1145,Corporate,United States,San Jose,California,43215,West,PROD-1273,Furniture,Bookcases,Bookcases Product 14,657.66,3,0.3,24.4,2025,1,January,0.03710123772161907
ORD-100846,2024-07-07,2024-07-10,First Class,CUST-1083,Customer 1159,Corporate,United States,Los Angeles,California,90001,Central,PROD-1337,Technology,Accessories,Accessories Product 44,1752.66,7,0.15,1.18,2024,7,July,0.0006732623555053461
ORD-100847,2025-03-31,2025-04-05,Standard Class,CUST-1110,Customer 1094,Corporate,United States,Seattle,Washington,73301,East,PROD-1136,Technology,Laptops,Laptops Product 8,1345.38,6,0.1,181.5,2025,3,March,0.13490612317709494
ORD-100848,2024-12-26,2024-12-27,Standard Class,CUST-1241,Customer 1155,Corporate,United States,Rochester,New York,60601,South,PROD-1282,Office Supplies,Binders,Binders Product 69,2908.0,5,0.1,97.55,2024,12,December,0.03354539202200825
ORD-100849,2024-01-08,2024-01-10,First Class,CUST-1072,Customer 1043,Home Office,United States,Seattle,Washington,98101,South,PROD-1039,Technology,Printers,Printers Product 51,3601.26,6,0.15,-143.05,2024,1,January,-0.03972220833819275
ORD-100850,2025-10-06,2025-10-11,Second Class,CUST-1240,Customer 1054,Corporate,United States,Peoria,Illinois,10001,West,PROD-1345,Technology,Printers,Printers Product 18,1914.36,7,0.15,137.86,2025,10,October,0.07201362335192964
ORD-100851,2025-12-19,2025-12-23,Second Class,CUST-1227,Customer 1047,Home Office,United States,Austin,Texas,10001,West,PROD-1165,Office Supplies,Paper,Paper Product 54,2145.7,5,0.3,183.61,2025,12,December,0.08557114228456915
ORD-100852,2025-03-14,2025-03-15,Second Class,CUST-1234,Customer 1080,Consumer,United States,Orlando,Florida,33101,East,PROD-1024,Furniture,Tables,Tables Product 15,989.1,7,0.1,122.44,2025,3,March,0.1237893034071378
ORD-100853,2024-03-21,2024-03-25,Same Day,CUST-1124,Customer 1108,Consumer,United States,Tacoma,Washington,10001,Central,PROD-1180,Office Supplies,Binders,Binders Product 63,104.5,2,0.3,-7.37,2024,3,March,-0.07052631578947369
ORD-100854,2025-07-14,2025-07-19,First Class,CUST-1057,Customer 1190,Corporate,United States,Los Angeles,California,33101,Central,PROD-1023,Furniture,Bookcases,Bookcases Product 35,477.08,4,0.15,49.21,2025,7,July,0.10314831894021967
ORD-100855,2025-08-15,2025-08-17,First Class,CUST-1241,Customer 1018,Corporate,United States,San Diego,California,10001,South,PROD-1277,Office Supplies,Binders,Binders Product 40,174.05,5,0.1,23.5,2025,8,August,0.1350186727951738
ORD-100856,2024-12-28,2024-12-29,Same Day,CUST-1064,Customer 1071,Corporate,United States,San Jose,California,85001,South,PROD-1041,Office Supplies,Binders,Binders Product 4,3930.29,7,0.3,-26.22,2024,12,December,-0.006671263443664462
ORD-100857,2025-03-15,2025-03-20,Same Day,CUST-1141,Customer 1093,Corporate,United States,Tucson,Arizona,85001,South,PROD-1178,Technology,Accessories,Accessories Product 27,2555.63,7,0.05,208.58,2025,3,March,0.08161588336339767
ORD-100858,2025-06-13,2025-06-17,Standard Class,CUST-1144,Customer 1118,Home Office,United States,Miami,Florida,90001,West,PROD-1249,Technology,Printers,Printers Product 52,1156.82,7,0.3,-7.28,2025,6,June,-0.0062931138811569655
ORD-100859,2025-07-13,2025-07-14,Second Class,CUST-1064,Customer 1008,Corporate,United States,Austin,Texas,90001,Central,PROD-1256,Technology,Laptops,Laptops Product 73,3576.42,6,0.0,502.23,2025,7,July,0.14042813763484155
ORD-100860,2025-12-19,2025-12-22,Same Day,CUST-1038,Customer 1168,Corporate,United States,Tacoma,Washington,10001,South,PROD-1039,Technology,Phones,Phones Product 74,160.08,3,0.05,28.5,2025,12,December,0.17803598200899548
ORD-100861,2024-02-16,2024-02-18,Standard Class,CUST-1112,Customer 1065,Corporate,United States,Spokane,Washington,85001,South,PROD-1304,Technology,Laptops,Laptops Product 43,82.24,4,0.0,5.98,2024,2,February,0.07271400778210117
ORD-100862,2025-06-18,2025-06-22,First Class,CUST-1106,Customer 1112,Consumer,United States,Peoria,Illinois,33101,West,PROD-1072,Technology,Phones,Phones Product 11,1407.48,3,0.1,37.02,2025,6,June,0.026302327564157218
ORD-100863,2025-03-11,2025-03-16,Second Class,CUST-1125,Customer 1229,Consumer,United States,Phoenix,Arizona,60601,Central,PROD-1079,Office Supplies,Labels,Labels Product 23,3885.49,7,0.05,879.28,2025,3,March,0.22629835619188313
ORD-100864,2025-11-15,2025-11-18,Second Class,CUST-1237,Customer 1065,Consumer,United States,Chicago,Illinois,60601,South,PROD-1283,Furniture,Bookcases,Bookcases Product 47,2487.36,6,0.05,453.02,2025,11,November,0.18212884343239416
ORD-100865,2025-03-03,2025-03-07,Second Class,CUST-1157,Customer 1223,Home Office,United States,Seattle,Washington,33101,East,PROD-1262,Office Supplies,Labels,Labels Product 25,700.26,3,0.0,30.85,2025,3,March,0.04405506526147431
ORD-100866,2024-06-03,2024-06-04,Same Day,CUST-1245,Customer 1044,Corporate,United States,Orlando,Florida,73301,South,PROD-1009,Office Supplies,Paper,Paper Product 2,2736.55,5,0.05,493.31,2024,6,June,0.18026712466426703
ORD-100867,2025-12-15,2025-12-16,Standard Class,CUST-1065,Customer 1139,Corporate,United States,Tacoma,Washington,33101,East,PROD-1236,Office Supplies,Art Supplies,Art Supplies Product 63,459.13,7,0.15,14.01,2025,12,December,0.030514233441508942
ORD-100868,2025-01-30,2025-02-04,Second Class,CUST-1133,Customer 1105,Home Office,United States,Dallas,Texas,33101,Central,PROD-1116,Technology,Phones,Phones Product 49,3184.74,6,0.1,282.68,2025,1,January,0.08876077795989626
ORD-100869,2024-12-13,2024-12-14,Standard Class,CUST-1161,Customer 1217,Consumer,United States,San Diego,California,98101,East,PROD-1244,Furniture,Chairs,Chairs Product 30,1296.2,2,0.0,284.8,2024,12,December,0.21971917913902175
ORD-100870,2025-02-18,2025-02-23,First Class,CUST-1247,Customer 1036,Consumer,United States,Cincinnati,Ohio,33101,South,PROD-1102,Furniture,Tables,Tables Product 7,3452.58,6,0.15,146.61,2025,2,February,0.042463896564308434
ORD-100871,2024-10-12,2024-10-14,First Class,CUST-1172,Customer 1095,Home Office,United States,Rochester,New York,60601,Central,PROD-1082,Office Supplies,Art Supplies,Art Supplies Product 9,369.18,6,0.2,38.32,2024,10,October,0.10379760550409015
ORD-100872,2025-03-15,2025-03-16,First Class,CUST-1077,Customer 1054,Consumer,United States,Phoenix,Arizona,90001,Central,PROD-1078,Technology,Phones,Phones Product 49,853.47,3,0.15,-19.82,2025,3,March,-0.023222843216516104
ORD-100873,2025-08-24,2025-08-29,Second Class,CUST-1222,Customer 1060,Corporate,United States,Tampa,Florida,60601,South,PROD-1286,Furniture,Tables,Tables Product 2,1060.7,2,0.0,167.51,2025,8,August,0.15792401244461204
ORD-100874,2024-02-19,2024-02-21,Second Class,CUST-1041,Customer 1094,Consumer,United States,Tampa,Florida,73301,South,PROD-1320,Office Supplies,Labels,Labels Product 16,1668.48,6,0.15,43.94,2024,2,February,0.026335347142309166
ORD-100875,2024-10-13,2024-10-16,Second Class,CUST-1168,Customer 1153,Consumer,United States,Tucson,Arizona,10001,West,PROD-1102,Furniture,Tables,Tables Product 26,702.02,2,0.0,144.21,2024,10,October,0.205421497963021
ORD-100876,2025-04-22,2025-04-23,Second Class,CUST-1038,Customer 1138,Consumer,United States,Tampa,Florida,33101,Central,PROD-1100,Furniture,Tables,Tables Product 38,3470.34,6,0.1,670.64,2025,4,April,0.1932490764593671
ORD-100877,2024-01-06,2024-01-09,Second Class,CUST-1194,Customer 1157,Corporate,United States,Columbus,Ohio,10001,South,PROD-1258,Technology,Printers,Printers Product 17,128.71,1,0.15,25.34,2024,1,January,0.19687669955714396
ORD-100878,2025-11-13,2025-11-18,Same Day,CUST-1172,Customer 1224,Home Office,United States,Dallas,Texas,60601,East,PROD-1201,Office Supplies,Art Supplies,Art Supplies Product 18,121.4,5,0.3,-11.02,2025,11,November,-0.09077429983525534
ORD-100879,2025-08-08,2025-08-09,Same Day,CUST-1243,Customer 1187,Consumer,United States,Orlando,Florida,73301,East,PROD-1210,Technology,Printers,Printers Product 23,1003.2,3,0.0,273.49,2025,8,August,0.27261762360446573
ORD-100880,2025-11-11,2025-11-15,Same Day,CUST-1024,Customer 1228,Consumer,United States,Austin,Texas,73301,South,PROD-1154,Furniture,Bookcases,Bookcases Product 23,2597.91,7,0.2,-33.89,2025,11,November,-0.013045101639394745
ORD-100881,2024-12-24,2024-12-25,Second Class,CUST-1038,Customer 1221,Home Office,United States,Buffalo,New York,10001,East,PROD-1114,Office Supplies,Art Supplies,Art Supplies Product 4,1908.54,6,0.05,173.81,2024,12,December,0.09106961342177791
ORD-100882,2025-11-15,2025-11-18,First Class,CUST-1026,Customer 1171,Home Office,United States,Tampa,Florida,60601,South,PROD-1122,Technology,Printers,Printers Product 59,439.69,1,0.2,65.03,2025,11,November,0.14789965657622417
ORD-100883,2025-04-17,2025-04-21,First Class,CUST-1179,Customer 1109,Home Office,United States,Tucson,Arizona,90001,Central,PROD-1222,Furniture,Tables,Tables Product 74,1894.08,6,0.0,76.23,2025,4,April,0.04024645210339585
ORD-100884,2025-02-16,2025-02-21,Second Class,CUST-1101,Customer 1073,Home Office,United States,Springfield,Illinois,85001,Central,PROD-1259,Furniture,Tables,Tables Product 55,149.46,6,0.0,21.21,2025,2,February,0.14191087916499398
ORD-100885,2025-06-14,2025-06-15,First Class,CUST-1051,Customer 1054,Home Office,United States,San Jose,California,73301,West,PROD-1156,Office Supplies,Art Supplies,Art Supplies Product 19,580.38,2,0.3,46.27,2025,6,June,0.07972362934629036
ORD-100886,2024-05-26,2024-05-31,Second Class,CUST-1113,Customer 1107,Corporate,United States,Miami,Florida,85001,Central,PROD-1204,Office Supplies,Art Supplies,Art Supplies Product 42,455.2,1,0.2,13.44,2024,5,May,0.02952548330404218
ORD-100887,2024-02-20,2024-02-23,First Class,CUST-1250,Customer 1098,Consumer,United States,Dallas,Texas,98101,South,PROD-1279,Technology,Accessories,Accessories Product 59,2081.2,4,0.2,209.42,2024,2,February,0.10062463963098213
ORD-100888,2025-07-22,2025-07-27,Standard Class,CUST-1238,Customer 1055,Consumer,United States,Tampa,Florida,85001,East,PROD-1184,Furniture,Chairs,Chairs Product 55,214.89,1,0.15,30.4,2025,7,July,0.14146772767462423
ORD-100889,2025-03-04,2025-03-05,Same Day,CUST-1198,Customer 1156,Consumer,United States,San Jose,California,73301,South,PROD-1296,Technology,Accessories,Accessories Product 15,509.81,1,0.0,80.85,2025,3,March,0.15858849375257447
ORD-100890,2024-03-25,2024-03-28,Standard Class,CUST-1030,Customer 1213,Corporate,United States,Spokane,Washington,60601,South,PROD-1294,Furniture,Bookcases,Bookcases Product 15,2997.54,6,0.1,275.5,2024,3,March,0.09190869846607552
ORD-100891,2025-03-19,2025-03-24,Same Day,CUST-1166,Customer 1140,Home Office,United States,Springfield,Illinois,85001,South,PROD-1113,Furniture,Storage,Storage Product 73,1114.7,5,0.1,239.99,2025,3,March,0.21529559522741545
ORD-100892,2024-01-23,2024-01-27,First Class,CUST-1062,Customer 1087,Home Office,United States,Rochester,New York,10001,East,PROD-1027,Technology,Accessories,Accessories Product 46,201.17,1,0.2,4.36,2024,1,January,0.0216732117114878
ORD-100893,2025-11-20,2025-11-25,Standard Class,CUST-1137,Customer 1244,Consumer,United States,Tampa,Florida,43215,East,PROD-1205,Furniture,Chairs,Chairs Product 22,70.52,4,0.05,16.81,2025,11,November,0.23837209302325582
ORD-100894,2024-10-20,2024-10-23,Same Day,CUST-1220,Customer 1046,Corporate,United States,Spokane,Washington,33101,East,PROD-1161,Furniture,Tables,Tables Product 44,476.04,2,0.2,-2.3,2024,10,October,-0.004831526762456936
ORD-100895,2024-02-21,2024-02-24,Same Day,CUST-1239,Customer 1231,Corporate,United States,San Diego,California,98101,South,PROD-1179,Office Supplies,Art Supplies,Art Supplies Product 35,1582.15,5,0.15,-38.75,2024,2,February,-0.02449198874948646
ORD-100896,2024-01-13,2024-01-15,Second Class,CUST-1036,Customer 1072,Consumer,United States,San Diego,California,73301,Central,PROD-1193,Furniture,Chairs,Chairs Product 77,676.65,3,0.3,14.41,2024,1,January,0.021296091036725043
ORD-100897,2024-02-12,2024-02-17,First Class,CUST-1063,Customer 1019,Home Office,United States,Tucson,Arizona,90001,West,PROD-1037,Furniture,Bookcases,Bookcases Product 52,3131.55,5,0.3,170.97,2024,2,February,0.05459596685347511
ORD-100898,2024-12-10,2024-12-14,First Class,CUST-1007,Customer 1250,Consumer,United States,Orlando,Florida,85001,Central,PROD-1214,Technology,Printers,Printers Product 64,720.51,3,0.05,115.31,2024,12,December,0.16003941652440634
ORD-100899,2025-04-07,2025-04-11,Standard Class,CUST-1105,Customer 1182,Home Office,United States,Spokane,Washington,43215,West,PROD-1047,Furniture,Storage,Storage Product 43,1030.95,5,0.05,102.96,2025,4,April,0.09986905281536446
ORD-100900,2025-12-12,2025-12-13,Same Day,CUST-1147,Customer 1089,Corporate,United States,Chicago,Illinois,10001,West,PROD-1167,Technology,Accessories,Accessories Product 74,614.98,1,0.15,16.78,2025,12,December,0.027285440176916323
ORD-100901,2024-04-20,2024-04-25,Second Class,CUST-1238,Customer 1090,Corporate,United States,Columbus,Ohio,73301,West,PROD-1245,Office Supplies,Paper,Paper Product 78,509.44,4,0.05,39.95,2024,4,April,0.07841944095477388
ORD-100902,2025-08-05,2025-08-06,First Class,CUST-1216,Customer 1093,Consumer,United States,Peoria,Illinois,33101,East,PROD-1043,Furniture,Storage,Storage Product 7,337.0,2,0.0,46.92,2025,8,August,0.13922848664688428
ORD-100903,2024-10-22,2024-10-23,Standard Class,CUST-1112,Customer 1086,Corporate,United States,Tampa,Florida,98101,South,PROD-1113,Office Supplies,Labels,Labels Product 45,2753.73,7,0.0,740.87,2024,10,October,0.26904235346239463
ORD-100904,2025-12-06,2025-12-10,Same Day,CUST-1220,Customer 1055,Corporate,United States,Tucson,Arizona,90001,South,PROD-1036,Furniture,Storage,Storage Product 50,405.42,3,0.2,50.38,2025,12,December,0.12426619308371566
ORD-100905,2024-02-17,2024-02-18,Same Day,CUST-1232,Customer 1242,Home Office,United States,San Jose,California,43215,East,PROD-1230,Office Supplies,Paper,Paper Product 50,2327.52,6,0.3,9.63,2024,2,February,0.004137451020829038
ORD-100906,2024-09-26,2024-09-28,Second Class,CUST-1250,Customer 1193,Corporate,United States,Tucson,Arizona,60601,South,PROD-1074,Technology,Accessories,Accessories Product 10,3709.32,6,0.15,-147.72,2024,9,September,-0.039824010869916854
ORD-100907,2025-07-05,2025-07-10,Second Class,CUST-1124,Customer 1151,Home Office,United States,Houston,Texas,73301,West,PROD-1269,Office Supplies,Art Supplies,Art Supplies Product 24,124.95,1,0.15,11.27,2025,7,July,0.09019607843137255
ORD-100908,2025-11-07,2025-11-12,Same Day,CUST-1083,Customer 1198,Home Office,United States,New York City,New York,85001,West,PROD-1149,Office Supplies,Art Supplies,Art Supplies Product 42,587.65,5,0.15,-18.7,2025,11,November,-0.03182166255424147
ORD-100909,2025-04-08,2025-04-11,Standard Class,CUST-1085,Customer 1017,Corporate,United States,Miami,Florida,85001,West,PROD-1104,Furniture,Tables,Tables Product 64,492.08,1,0.05,27.72,2025,4,April,0.05633230369045684
ORD-100910,2024-03-21,2024-03-24,Same Day,CUST-1249,Customer 1240,Corporate,United States,Rochester,New York,60601,West,PROD-1287,Technology,Phones,Phones Product 76,87.03,1,0.3,-0.8,2024,3,March,-0.009192232563483857
ORD-100911,2024-05-22,2024-05-24,Same Day,CUST-1157,Customer 1131,Consumer,United States,Tucson,Arizona,10001,East,PROD-1298,Office Supplies,Binders,Binders Product 46,2449.05,5,0.2,88.66,2024,5,May,0.03620179253179804
ORD-100912,2025-04-02,2025-04-07,Same Day,CUST-1203,Customer 1129,Consumer,United States,New York City,New York,73301,West,PROD-1122,Technology,Printers,Printers Product 62,2020.8,6,0.0,245.21,2025,4,April,0.12134303246239114
ORD-100913,2025-09-16,2025-09-19,Second Class,CUST-1239,Customer 1167,Home Office,United States,Orlando,Florida,73301,East,PROD-1012,Furniture,Bookcases,Bookcases Product 38,1416.48,6,0.3,1.65,2025,9,September,0.0011648593697051845
ORD-100914,2025-05-20,2025-05-23,Same Day,CUST-1227,Customer 1223,Consumer,United States,Miami,Florida,60601,South,PROD-1192,Office Supplies,Binders,Binders Product 20,87.27,1,0.3,-5.58,2025,5,May,-0.06393949810931591
ORD-100915,2024-11-02,2024-11-03,Same Day,CUST-1169,Customer 1059,Consumer,United States,Orlando,Florida,90001,Central,PROD-1117,Furniture,Tables,Tables Product 19,320.44,4,0.0,66.46,2024,11,November,0.20740232180751464
ORD-100916,2025-05-29,2025-05-30,First Class,CUST-1007,Customer 1142,Corporate,United States,Peoria,Illinois,60601,East,PROD-1328,Furniture,Bookcases,Bookcases Product 34,874.8,5,0.3,57.91,2025,5,May,0.06619798811156836
ORD-100917,2025-09-18,2025-09-20,Second Class,CUST-1130,Customer 1047,Corporate,United States,Houston,Texas,43215,Central,PROD-1189,Technology,Printers,Printers Product 41,470.9,5,0.15,-5.06,2025,9,September,-0.01074538118496496
ORD-100918,2025-12-04,2025-12-08,First Class,CUST-1019,Customer 1192,Corporate,United States,New York City,New York,73301,South,PROD-1017,Furniture,Chairs,Chairs Product 76,1836.2,5,0.0,409.91,2025,12,December,0.2232382093453872
ORD-100919,2025-04-20,2025-04-22,Second Class,CUST-1018,Customer 1208,Home Office,United States,San Diego,California,90001,East,PROD-1332,Technology,Printers,Printers Product 10,4413.92,7,0.1,151.01,2025,4,April,0.03421221952368869
ORD-100920,2025-09-12,2025-09-15,Second Class,CUST-1093,Customer 1227,Corporate,United States,Rochester,New York,85001,South,PROD-1172,Technology,Phones,Phones Product 51,1081.84,4,0.3,106.8,2025,9,September,0.0987206980699549
ORD-100921,2024-03-06,2024-03-08,Second Class,CUST-1179,Customer 1246,Consumer,United States,Miami,Florida,90001,West,PROD-1330,Office Supplies,Art Supplies,Art Supplies Product 19,314.85,5,0.2,-8.8,2024,3,March,-0.02794981737335239
ORD-100922,2024-06-17,2024-06-21,Standard Class,CUST-1041,Customer 1108,Home Office,United States,Rochester,New York,85001,West,PROD-1331,Office Supplies,Paper,Paper Product 55,1031.88,2,0.15,78.67,2024,6,June,0.0762394852114587
ORD-100923,2025-05-25,2025-05-27,First Class,CUST-1050,Customer 1172,Corporate,United States,Seattle,Washington,43215,South,PROD-1002,Office Supplies,Paper,Paper Product 30,3360.42,6,0.15,289.16,2025,5,May,0.08604876771355963
ORD-100924,2025-10-21,2025-10-24,First Class,CUST-1100,Customer 1189,Home Office,United States,Columbus,Ohio,10001,South,PROD-1315,Furniture,Tables,Tables Product 32,80.08,1,0.05,16.47,2025,10,October,0.20566933066933066
ORD-100925,2024-08-07,2024-08-08,First Class,CUST-1087,Customer 1114,Home Office,United States,Houston,Texas,90001,Central,PROD-1195,Technology,Laptops,Laptops Product 11,637.42,2,0.2,50.58,2024,8,August,0.07935113425998556
ORD-100926,2024-08-22,2024-08-23,Same Day,CUST-1092,Customer 1153,Home Office,United States,Buffalo,New York,10001,South,PROD-1129,Furniture,Bookcases,Bookcases Product 59,706.05,3,0.3,42.48,2024,8,August,0.060165710643722115
ORD-100927,2024-08-15,2024-08-17,First Class,CUST-1075,Customer 1062,Corporate,United States,Dallas,Texas,85001,South,PROD-1186,Technology,Accessories,Accessories Product 50,426.02,2,0.1,69.7,2024,8,August,0.1636073423782921
ORD-100928,2025-04-14,2025-04-18,Same Day,CUST-1122,Customer 1248,Corporate,United States,Cleveland,Ohio,98101,East,PROD-1308,Furniture,Tables,Tables Product 36,1823.01,7,0.1,80.56,2025,4,April,0.044190651724346
ORD-100929,2025-10-10,2025-10-14,First Class,CUST-1155,Customer 1186,Consumer,United States,Orlando,Florida,90001,West,PROD-1326,Furniture,Tables,Tables Product 5,2863.05,5,0.2,74.6,2025,10,October,0.026056128953388866
ORD-100930,2025-04-28,2025-05-01,First Class,CUST-1134,Customer 1211,Consumer,United States,Phoenix,Arizona,33101,West,PROD-1127,Office Supplies,Labels,Labels Product 63,567.32,1,0.1,86.62,2025,4,April,0.15268278925474157
ORD-100931,2025-09-10,2025-09-13,Same Day,CUST-1186,Customer 1093,Corporate,United States,Cleveland,Ohio,73301,West,PROD-1335,Office Supplies,Labels,Labels Product 10,4000.29,7,0.1,893.95,2025,9,September,0.22347129833087104
ORD-100932,2024-12-17,2024-12-21,Same Day,CUST-1113,Customer 1195,Consumer,United States,Seattle,Washington,60601,Central,PROD-1324,Technology,Laptops,Laptops Product 65,63.64,2,0.05,1.57,2024,12,December,0.02467001885606537
ORD-100933,2025-10-08,2025-10-13,Second Class,CUST-1172,Customer 1012,Corporate,United States,San Diego,California,60601,South,PROD-1342,Office Supplies,Paper,Paper Product 30,972.51,3,0.0,39.47,2025,10,October,0.040585700918242484
ORD-100934,2025-07-17,2025-07-18,Standard Class,CUST-1108,Customer 1165,Consumer,United States,Buffalo,New York,98101,East,PROD-1160,Office Supplies,Binders,Binders Product 8,630.35,7,0.0,80.94,2025,7,July,0.1284048544459427
ORD-100935,2024-12-17,2024-12-21,Standard Class,CUST-1151,Customer 1168,Consumer,United States,Chicago,Illinois,73301,South,PROD-1145,Technology,Accessories,Accessories Product 71,564.41,1,0.05,53.97,2024,12,December,0.09562197693166316
ORD-100936,2024-09-27,2024-10-02,First Class,CUST-1102,Customer 1194,Home Office,United States,Seattle,Washington,90001,South,PROD-1277,Technology,Printers,Printers Product 68,2137.3,5,0.05,51.92,2024,9,September,0.02429233144621719
ORD-100937,2025-06-10,2025-06-15,First Class,CUST-1191,Customer 1236,Home Office,United States,Dallas,Texas,60601,East,PROD-1174,Office Supplies,Binders,Binders Product 56,81.88,4,0.1,4.15,2025,6,June,0.05068392769907182
ORD-100938,2024-02-05,2024-02-06,Standard Class,CUST-1135,Customer 1105,Consumer,United States,Cleveland,Ohio,98101,Central,PROD-1143,Technology,Phones,Phones Product 67,2946.75,5,0.05,111.26,2024,2,February,0.03775685076779503
ORD-100939,2024-01-08,2024-01-12,Same Day,CUST-1006,Customer 1119,Consumer,United States,Tucson,Arizona,43215,Central,PROD-1207,Office Supplies,Labels,Labels Product 29,2393.0,5,0.15,54.83,2024,1,January,0.022912661930631007
ORD-100940,2025-01-04,2025-01-08,First Class,CUST-1197,Customer 1140,Consumer,United States,Buffalo,New York,33101,West,PROD-1152,Office Supplies,Labels,Labels Product 44,343.4,1,0.1,12.11,2025,1,January,0.03526499708794409
ORD-100941,2025-04-29,2025-05-03,First Class,CUST-1021,Customer 1107,Corporate,United States,Phoenix,Arizona,60601,Central,PROD-1073,Technology,Printers,Printers Product 65,2489.12,4,0.15,115.88,2025,4,April,0.046554605643761654
ORD-100942,2024-12-07,2024-12-11,Standard Class,CUST-1002,Customer 1218,Home Office,United States,Seattle,Washington,73301,South,PROD-1010,Furniture,Tables,Tables Product 70,391.68,2,0.1,83.33,2024,12,December,0.212750204248366
ORD-100943,2024-05-07,2024-05-11,First Class,CUST-1022,Customer 1031,Home Office,United States,San Diego,California,90001,West,PROD-1272,Office Supplies,Art Supplies,Art Supplies Product 20,149.4,6,0.0,22.8,2024,5,May,0.15261044176706828
ORD-100944,2024-07-25,2024-07-29,Standard Class,CUST-1164,Customer 1176,Home Office,United States,Cleveland,Ohio,43215,Central,PROD-1172,Office Supplies,Art Supplies,Art Supplies Product 67,3068.35,5,0.2,-179.72,2024,7,July,-0.058572196783287435
ORD-100945,2025-10-15,2025-10-17,First Class,CUST-1065,Customer 1088,Home Office,United States,Tacoma,Washington,43215,South,PROD-1010,Furniture,Storage,Storage Product 42,1090.88,7,0.1,110.83,2025,10,October,0.1015968759166911
ORD-100946,2025-10-17,2025-10-18,Same Day,CUST-1181,Customer 1231,Corporate,United States,Buffalo,New York,73301,South,PROD-1152,Technology,Laptops,Laptops Product 8,617.3,5,0.3,30.07,2025,10,October,0.04871213348452941
ORD-100947,2025-07-23,2025-07-27,First Class,CUST-1048,Customer 1132,Consumer,United States,Tucson,Arizona,85001,West,PROD-1198,Office Supplies,Labels,Labels Product 47,2696.88,6,0.05,427.0,2025,7,July,0.15833110854023907
ORD-100948,2024-01-24,2024-01-25,Second Class,CUST-1082,Customer 1174,Consumer,United States,Springfield,Illinois,43215,Central,PROD-1091,Technology,Laptops,Laptops Product 56,2372.51,7,0.15,121.02,2024,1,January,0.051009268664831756
ORD-100949,2025-01-30,2025-02-04,First Class,CUST-1113,Customer 1017,Consumer,United States,Cleveland,Ohio,73301,South,PROD-1223,Technology,Phones,Phones Product 3,146.08,4,0.2,19.04,2025,1,January,0.13033953997809417
ORD-100950,2025-08-24,2025-08-27,Second Class,CUST-1029,Customer 1151,Home Office,United States,Dallas,Texas,85001,Central,PROD-1091,Technology,Phones,Phones Product 49,4171.16,7,0.3,-224.36,2025,8,August,-0.05378839459526847
ORD-100951,2024-10-27,2024-10-30,Second Class,CUST-1082,Customer 1128,Home Office,United States,Peoria,Illinois,98101,East,PROD-1062,Technology,Laptops,Laptops Product 5,95.52,3,0.2,5.44,2024,10,October,0.056951423785594646
ORD-100952,2025-12-17,2025-12-18,First Class,CUST-1239,Customer 1233,Consumer,United States,Mesa,Arizona,90001,South,PROD-1295,Technology,Printers,Printers Product 71,1072.4,5,0.2,15.31,2025,12,December,0.01427638940693771
ORD-100953,2024-08-04,2024-08-05,First Class,CUST-1236,Customer 1059,Home Office,United States,Chicago,Illinois,98101,East,PROD-1036,Office Supplies,Binders,Binders Product 55,1750.56,3,0.2,-108.24,2024,8,August,-0.0618316424458459
ORD-100954,2025-03-13,2025-03-17,First Class,CUST-1112,Customer 1247,Home Office,United States,Seattle,Washington,10001,West,PROD-1253,Office Supplies,Paper,Paper Product 35,2111.88,6,0.2,-102.23,2025,3,March,-0.04840710646438245
ORD-100955,2024-08-29,2024-09-03,Same Day,CUST-1032,Customer 1154,Corporate,United States,Rochester,New York,43215,South,PROD-1338,Office Supplies,Art Supplies,Art Supplies Product 50,636.12,6,0.3,67.93,2024,8,August,0.10678802741621078
ORD-100956,2025-10-23,2025-10-28,Same Day,CUST-1233,Customer 1137,Consumer,United States,Spokane,Washington,43215,West,PROD-1054,Office Supplies,Art Supplies,Art Supplies Product 65,1074.25,5,0.2,113.19,2025,10,October,0.10536653479171515
ORD-100957,2025-05-12,2025-05-13,Same Day,CUST-1220,Customer 1191,Corporate,United States,Tacoma,Washington,60601,East,PROD-1008,Furniture,Storage,Storage Product 16,80.22,3,0.15,2.28,2025,5,May,0.028421839940164544
ORD-100958,2025-10-19,2025-10-21,Standard Class,CUST-1242,Customer 1031,Consumer,United States,Phoenix,Arizona,85001,West,PROD-1233,Furniture,Bookcases,Bookcases Product 34,1188.42,3,0.2,99.33,2025,10,October,0.08358156207401424
ORD-100959,2025-06-12,2025-06-17,Same Day,CUST-1061,Customer 1097,Consumer,United States,Rochester,New York,33101,Central,PROD-1346,Office Supplies,Labels,Labels Product 8,333.66,6,0.3,25.08,2025,6,June,0.07516633698975003
ORD-100960,2024-06-03,2024-06-07,First Class,CUST-1212,Customer 1179,Consumer,United States,Austin,Texas,10001,East,PROD-1268,Furniture,Bookcases,Bookcases Product 30,1109.62,2,0.15,54.85,2024,6,June,0.04943133685405815
ORD-100961,2025-11-07,2025-11-10,First Class,CUST-1200,Customer 1188,Home Office,United States,Springfield,Illinois,43215,East,PROD-1103,Technology,Phones,Phones Product 72,130.2,1,0.15,3.02,2025,11,November,0.02319508448540707
ORD-100962,2025-08-16,2025-08-19,First Class,CUST-1038,Customer 1161,Corporate,United States,Cleveland,Ohio,85001,West,PROD-1117,Furniture,Tables,Tables Product 26,1983.56,4,0.3,110.27,2025,8,August,0.055591965960192787
ORD-100963,2024-10-24,2024-10-27,Standard Class,CUST-1012,Customer 1116,Corporate,United States,Tacoma,Washington,33101,Central,PROD-1258,Furniture,Storage,Storage Product 59,1441.5,5,0.15,33.07,2024,10,October,0.022941380506416927
ORD-100964,2025-08-17,2025-08-21,Second Class,CUST-1159,Customer 1031,Home Office,United States,Dallas,Texas,73301,East,PROD-1309,Technology,Accessories,Accessories Product 76,384.24,2,0.2,-22.8,2025,8,August,-0.05933791380387258
ORD-100965,2024-05-29,2024-06-02,Standard Class,CUST-1109,Customer 1040,Consumer,United States,Chicago,Illinois,43215,South,PROD-1018,Furniture,Bookcases,Bookcases Product 41,1217.86,7,0.05,216.31,2024,5,May,0.17761483257517285
ORD-100966,2024-02-06,2024-02-07,Same Day,CUST-1010,Customer 1190,Corporate,United States,Tampa,Florida,33101,Central,PROD-1024,Furniture,Bookcases,Bookcases Product 78,268.84,2,0.3,23.82,2024,2,February,0.0886028864752269
ORD-100967,2024-09-19,2024-09-22,First Class,CUST-1085,Customer 1010,Consumer,United States,Los Angeles,California,98101,East,PROD-1308,Technology,Phones,Phones Product 6,251.7,1,0.05,20.72,2024,9,September,0.0823202224870878
ORD-100968,2025-12-01,2025-12-05,Same Day,CUST-1084,Customer 1041,Home Office,United States,Columbus,Ohio,60601,Central,PROD-1113,Furniture,Chairs,Chairs Product 65,1794.16,4,0.2,79.07,2025,12,December,0.04407076291969501
ORD-100969,2025-03-07,2025-03-12,Second Class,CUST-1039,Customer 1067,Consumer,United States,Cincinnati,Ohio,98101,South,PROD-1152,Furniture,Storage,Storage Product 3,2346.64,4,0.1,30.75,2025,3,March,0.013103842089114649
ORD-100970,2024-03-19,2024-03-20,Standard Class,CUST-1244,Customer 1232,Corporate,United States,San Jose,California,33101,South,PROD-1028,Technology,Laptops,Laptops Product 14,2696.1,5,0.05,436.1,2024,3,March,0.16175216052817035
ORD-100971,2024-06-15,2024-06-16,Standard Class,CUST-1215,Customer 1077,Home Office,United States,Columbus,Ohio,73301,South,PROD-1134,Furniture,Chairs,Chairs Product 48,862.76,4,0.0,92.35,2024,6,June,0.10704019657842273
ORD-100972,2024-08-07,2024-08-11,Same Day,CUST-1109,Customer 1209,Home Office,United States,Tampa,Florida,33101,Central,PROD-1013,Office Supplies,Binders,Binders Product 15,2684.65,5,0.15,338.83,2024,8,August,0.12621012049987893
ORD-100973,2024-02-25,2024-02-27,Second Class,CUST-1173,Customer 1084,Consumer,United States,Peoria,Illinois,73301,West,PROD-1157,Office Supplies,Binders,Binders Product 23,4055.1,7,0.05,384.92,2024,2,February,0.09492244334295086
ORD-100974,2024-05-17,2024-05-19,Second Class,CUST-1022,Customer 1064,Consumer,United States,Peoria,Illinois,90001,West,PROD-1143,Technology,Accessories,Accessories Product 36,361.0,1,0.2,17.16,2024,5,May,0.04753462603878116
ORD-100975,2024-06-22,2024-06-25,First Class,CUST-1002,Customer 1194,Corporate,United States,Tacoma,Washington,43215,East,PROD-1244,Office Supplies,Binders,Binders Product 67,685.98,6,0.0,110.22,2024,6,June,0.16067523834514125
ORD-100976,2025-02-24,2025-02-26,Second Class,CUST-1193,Customer 1210,Corporate,United States,Miami,Florida,98101,South,PROD-1184,Office Supplies,Labels,Labels Product 15,269.26,1,0.2,13.93,2025,2,February,0.051734383124117954
ORD-100977,2025-06-15,2025-06-18,Second Class,CUST-1234,Customer 1004,Corporate,United States,Orlando,Florida,43215,South,PROD-1024,Technology,Phones,Phones Product 55,3521.88,6,0.05,339.95,2025,6,June,0.09652515133962541
ORD-100978,2024-07-04,2024-07-09,First Class,CUST-1196,Customer 1006,Corporate,United States,Tampa,Florida,90001,East,PROD-1120,Furniture,Chairs,Chairs Product 55,2148.44,7,0.15,127.26,2024,7,July,0.0592336765280855
ORD-100979,2025-09-15,2025-09-20,Same Day,CUST-1072,Customer 1096,Home Office,United States,Springfield,Illinois,60601,West,PROD-1105,Office Supplies,Paper,Paper Product 19,2426.83,7,0.2,331.56,2025,9,September,0.13662267237507367
ORD-100980,2025-06-01,2025-06-05,First Class,CUST-1015,Customer 1047,Consumer,United States,Cleveland,Ohio,98101,Central,PROD-1199,Technology,Accessories,Accessories Product 39,331.16,4,0.05,4.45,2025,6,June,0.013437613238313805
ORD-100981,2025-02-16,2025-02-20,Second Class,CUST-1030,Customer 1090,Home Office,United States,Buffalo,New York,43215,East,PROD-1069,Office Supplies,Binders,Binders Product 35,753.72,2,0.3,52.49,2025,2,February,0.06964124608607972
ORD-100982,2024-03-03,2024-03-04,Standard Class,CUST-1116,Customer 1192,Home Office,United States,Cleveland,Ohio,73301,Central,PROD-1241,Furniture,Bookcases,Bookcases Product 30,2562.35,5,0.2,411.9,2024,3,March,0.16075087322184714
ORD-100983,2024-01-16,2024-01-19,Standard Class,CUST-1228,Customer 1155,Consumer,United States,Columbus,Ohio,60601,East,PROD-1086,Office Supplies,Binders,Binders Product 31,3819.69,7,0.1,-7.07,2024,1,January,-0.001850935547125552
ORD-100984,2025-01-24,2025-01-27,Second Class,CUST-1216,Customer 1167,Corporate,United States,Peoria,Illinois,98101,East,PROD-1087,Office Supplies,Binders,Binders Product 40,657.88,4,0.2,80.1,2025,1,January,0.12175472730589164
ORD-100985,2025-03-17,2025-03-18,Same Day,CUST-1156,Customer 1144,Corporate,United States,San Jose,California,85001,Central,PROD-1247,Technology,Laptops,Laptops Product 75,2642.99,7,0.05,515.47,2025,3,March,0.19503289834619128
ORD-100986,2025-05-23,2025-05-24,Standard Class,CUST-1032,Customer 1136,Corporate,United States,Seattle,Washington,85001,South,PROD-1191,Furniture,Chairs,Chairs Product 74,1820.12,4,0.15,133.07,2025,5,May,0.07311056413862822
ORD-100987,2025-02-23,2025-02-26,Second Class,CUST-1173,Customer 1079,Corporate,United States,Cleveland,Ohio,60601,South,PROD-1050,Office Supplies,Labels,Labels Product 29,22.55,1,0.1,1.03,2025,2,February,0.04567627494456763
ORD-100988,2025-01-07,2025-01-11,First Class,CUST-1058,Customer 1169,Corporate,United States,Austin,Texas,60601,South,PROD-1282,Office Supplies,Paper,Paper Product 51,202.64,1,0.15,17.58,2025,1,January,0.08675483616265298
ORD-100989,2024-07-23,2024-07-25,Second Class,CUST-1014,Customer 1246,Home Office,United States,New York City,New York,10001,West,PROD-1259,Technology,Laptops,Laptops Product 40,489.32,1,0.0,125.91,2024,7,July,0.2573162756478378
ORD-100990,2024-12-16,2024-12-17,Second Class,CUST-1122,Customer 1172,Consumer,United States,Dallas,Texas,90001,East,PROD-1190,Technology,Phones,Phones Product 26,489.6,1,0.2,77.08,2024,12,December,0.1574346405228758
ORD-100991,2024-11-27,2024-12-01,First Class,CUST-1235,Customer 1027,Corporate,United States,Phoenix,Arizona,60601,South,PROD-1163,Technology,Phones,Phones Product 71,1153.42,2,0.2,47.78,2024,11,November,0.04142463283105893
ORD-100992,2025-02-02,2025-02-03,Second Class,CUST-1034,Customer 1100,Home Office,United States,Cincinnati,Ohio,90001,South,PROD-1270,Furniture,Tables,Tables Product 34,2506.74,6,0.15,251.07,2025,2,February,0.10015797410182149
ORD-100993,2025-01-11,2025-01-15,Same Day,CUST-1026,Customer 1250,Consumer,United States,Chicago,Illinois,33101,East,PROD-1084,Office Supplies,Paper,Paper Product 74,685.37,7,0.2,-6.4,2025,1,January,-0.009338021798444637
ORD-100994,2024-10-13,2024-10-17,First Class,CUST-1181,Customer 1213,Consumer,United States,Columbus,Ohio,73301,West,PROD-1275,Furniture,Chairs,Chairs Product 4,279.18,3,0.3,-26.19,2024,10,October,-0.09381044487427466
ORD-100995,2025-06-20,2025-06-21,Standard Class,CUST-1166,Customer 1083,Consumer,United States,Miami,Florida,85001,West,PROD-1021,Technology,Accessories,Accessories Product 15,993.45,5,0.1,168.35,2025,6,June,0.16945996275605213
ORD-100996,2025-02-19,2025-02-24,Standard Class,CUST-1097,Customer 1199,Consumer,United States,Mesa,Arizona,90001,South,PROD-1146,Furniture,Bookcases,Bookcases Product 54,352.27,1,0.2,11.64,2025,2,February,0.03304283646066938
ORD-100997,2025-01-27,2025-01-30,First Class,CUST-1072,Customer 1103,Consumer,United States,Tacoma,Washington,85001,East,PROD-1145,Office Supplies,Labels,Labels Product 18,1819.8,4,0.3,129.17,2025,1,January,0.07098032750851742
ORD-100998,2024-12-28,2024-12-31,Same Day,CUST-1239,Customer 1138,Corporate,United States,Miami,Florida,60601,South,PROD-1176,Office Supplies,Labels,Labels Product 26,2607.2,5,0.05,182.44,2024,12,December,0.06997545259281988
ORD-100999,2025-06-08,2025-06-13,Same Day,CUST-1108,Customer 1033,Corporate,United States,Cleveland,Ohio,33101,West,PROD-1241,Furniture,Storage,Storage Product 17,634.24,1,0.15,81.45,2025,6,June,0.12842141775983856
ORD-101000,2024-07-13,2024-07-15,Standard Class,CUST-1196,Customer 1145,Consumer,United States,Cincinnati,Ohio,33101,Central,PROD-1174,Furniture,Bookcases,Bookcases Product 4,568.35,1,0.1,56.51,2024,7,July,0.09942816926189847
ORD-101001,2024-10-11,2024-10-15,Same Day,CUST-1180,Customer 1008,Home Office,United States,Peoria,Illinois,73301,West,PROD-1249,Furniture,Bookcases,Bookcases Product 31,1840.28,4,0.3,196.39,2024,10,October,0.10671745603929836
ORD-101002,2025-04-19,2025-04-21,Same Day,CUST-1199,Customer 1238,Home Office,United States,Orlando,Florida,98101,East,PROD-1215,Technology,Printers,Printers Product 58,2369.08,4,0.2,292.41,2025,4,April,0.12342765968223954
ORD-101003,2025-02-05,2025-02-10,Standard Class,CUST-1046,Customer 1018,Consumer,United States,Tacoma,Washington,90001,South,PROD-1264,Furniture,Tables,Tables Product 74,3284.04,6,0.3,-331.64,2025,2,February,-0.10098537167634986
ORD-101004,2025-09-24,2025-09-25,First Class,CUST-1136,Customer 1223,Home Office,United States,Cincinnati,Ohio,85001,West,PROD-1180,Technology,Accessories,Accessories Product 79,365.54,7,0.15,-12.85,2025,9,September,-0.03515347157629808
ORD-101005,2024-03-10,2024-03-12,Second Class,CUST-1032,Customer 1141,Consumer,United States,Tucson,Arizona,85001,South,PROD-1152,Furniture,Chairs,Chairs Product 4,2974.14,6,0.2,382.78,2024,3,March,0.1287027510473616
ORD-101006,2025-06-25,2025-06-27,Same Day,CUST-1172,Customer 1025,Home Office,United States,Houston,Texas,33101,East,PROD-1128,Office Supplies,Paper,Paper Product 52,1283.3,2,0.1,126.79,2025,6,June,0.09879996883035924
ORD-101007,2025-10-08,2025-10-12,Standard Class,CUST-1246,Customer 1106,Corporate,United States,Miami,Florida,10001,West,PROD-1088,Furniture,Chairs,Chairs Product 79,2821.44,6,0.0,277.97,2025,10,October,0.098520613587388
ORD-101008,2025-10-10,2025-10-14,First Class,CUST-1220,Customer 1007,Corporate,United States,San Jose,California,10001,South,PROD-1266,Office Supplies,Art Supplies,Art Supplies Product 13,165.63,1,0.2,-8.93,2025,10,October,-0.0539153534987623
ORD-101009,2025-03-10,2025-03-14,Standard Class,CUST-1149,Customer 1075,Consumer,United States,Austin,Texas,85001,Central,PROD-1058,Technology,Printers,Printers Product 18,1528.86,3,0.3,-107.63,2025,3,March,-0.07039885928077129
ORD-101010,2024-09-24,2024-09-29,Standard Class,CUST-1190,Customer 1132,Corporate,United States,Peoria,Illinois,98101,West,PROD-1049,Office Supplies,Labels,Labels Product 78,3845.52,7,0.2,364.17,2024,9,September,0.09469980652811584
ORD-101011,2024-02-04,2024-02-09,Same Day,CUST-1090,Customer 1042,Consumer,United States,Cleveland,Ohio,43215,Central,PROD-1282,Office Supplies,Art Supplies,Art Supplies Product 76,372.83,1,0.2,8.62,2024,2,February,0.02312045704476571
ORD-101012,2025-09-29,2025-10-04,Second Class,CUST-1172,Customer 1104,Consumer,United States,Chicago,Illinois,98101,Central,PROD-1304,Office Supplies,Paper,Paper Product 43,992.4,4,0.0,119.27,2025,9,September,0.12018339379282547
ORD-101013,2025-05-29,2025-05-31,Same Day,CUST-1091,Customer 1069,Consumer,United States,Springfield,Illinois,10001,East,PROD-1033,Furniture,Bookcases,Bookcases Product 68,888.24,4,0.05,214.48,2025,5,May,0.24146627037737547
ORD-101014,2024-04-17,2024-04-19,First Class,CUST-1191,Customer 1025,Home Office,United States,Peoria,Illinois,10001,West,PROD-1198,Office Supplies,Art Supplies,Art Supplies Product 73,295.15,1,0.0,18.53,2024,4,April,0.0627816364560393
ORD-101015,2025-04-01,2025-04-06,Standard Class,CUST-1156,Customer 1215,Corporate,United States,Chicago,Illinois,10001,West,PROD-1007,Technology,Printers,Printers Product 60,409.96,4,0.15,38.94,2025,4,April,0.09498487657332423
ORD-101016,2024-01-15,2024-01-17,Second Class,CUST-1022,Customer 1153,Corporate,United States,New York City,New York,33101,East,PROD-1193,Office Supplies,Paper,Paper Product 15,72.22,2,0.3,6.12,2024,1,January,0.08474106895596788
ORD-101017,2025-05-03,2025-05-06,Standard Class,CUST-1171,Customer 1001,Corporate,United States,Phoenix,Arizona,98101,East,PROD-1154,Furniture,Bookcases,Bookcases Product 18,4122.93,7,0.15,269.02,2025,5,May,0.06524971318940655
ORD-101018,2025-02-10,2025-02-12,Same Day,CUST-1127,Customer 1117,Consumer,United States,New York City,New York,33101,East,PROD-1134,Technology,Phones,Phones Product 3,1777.65,3,0.05,52.43,2025,2,February,0.02949399488088206
ORD-101019,2025-04-03,2025-04-04,Same Day,CUST-1015,Customer 1037,Home Office,United States,Austin,Texas,98101,South,PROD-1027,Furniture,Storage,Storage Product 12,1255.86,6,0.0,152.31,2025,4,April,0.12127944197601645
ORD-101020,2024-07-12,2024-07-15,First Class,CUST-1206,Customer 1131,Corporate,United States,Mesa,Arizona,85001,East,PROD-1337,Office Supplies,Binders,Binders Product 3,2868.6,7,0.2,114.57,2024,7,July,0.03993934323363313
ORD-101021,2025-12-02,2025-12-05,Same Day,CUST-1097,Customer 1228,Corporate,United States,Peoria,Illinois,10001,Central,PROD-1278,Technology,Accessories,Accessories Product 26,951.16,2,0.3,-2.5,2025,12,December,-0.0026283695697884688
ORD-101022,2025-08-07,2025-08-10,Second Class,CUST-1120,Customer 1230,Home Office,United States,Buffalo,New York,90001,Central,PROD-1338,Furniture,Chairs,Chairs Product 45,1817.1,3,0.05,316.75,2025,8,August,0.17431621814979914
ORD-101023,2025-03-10,2025-03-12,Same Day,CUST-1073,Customer 1077,Corporate,United States,Rochester,New York,73301,West,PROD-1273,Office Supplies,Binders,Binders Product 50,269.95,1,0.15,35.43,2025,3,March,0.13124652713465457
ORD-101024,2024-06-09,2024-06-10,Second Class,CUST-1006,Customer 1051,Consumer,United States,Peoria,Illinois,73301,East,PROD-1035,Furniture,Bookcases,Bookcases Product 53,1465.25,5,0.2,90.58,2024,6,June,0.0618188022521754
ORD-101025,2025-12-14,2025-12-16,Standard Class,CUST-1142,Customer 1136,Corporate,United States,San Jose,California,10001,East,PROD-1292,Office Supplies,Paper,Paper Product 62,485.86,1,0.2,-20.17,2025,12,December,-0.0415140163833203
ORD-101026,2024-09-13,2024-09-14,Second Class,CUST-1045,Customer 1074,Home Office,United States,Springfield,Illinois,73301,Central,PROD-1302,Technology,Laptops,Laptops Product 75,2021.4,4,0.15,43.87,2024,9,September,0.02170278025131097
ORD-101027,2025-09-06,2025-09-09,Standard Class,CUST-1152,Customer 1056,Corporate,United States,Seattle,Washington,73301,Central,PROD-1068,Furniture,Chairs,Chairs Product 57,1201.94,2,0.3,16.86,2025,9,September,0.014027322495299265
ORD-101028,2025-09-26,2025-10-01,Standard Class,CUST-1226,Customer 1067,Consumer,United States,Phoenix,Arizona,60601,Central,PROD-1140,Furniture,Tables,Tables Product 58,1402.86,6,0.3,-163.37,2025,9,September,-0.11645495630355132
ORD-101029,2024-03-09,2024-03-10,Same Day,CUST-1070,Customer 1113,Consumer,United States,San Jose,California,43215,East,PROD-1111,Technology,Phones,Phones Product 27,30.03,1,0.0,6.81,2024,3,March,0.22677322677322675
ORD-101030,2024-02-16,2024-02-17,First Class,CUST-1131,Customer 1014,Corporate,United States,Cleveland,Ohio,60601,South,PROD-1013,Technology,Printers,Printers Product 16,1093.98,2,0.05,112.61,2024,2,February,0.10293606830106583
ORD-101031,2025-03-09,2025-03-10,Second Class,CUST-1059,Customer 1077,Home Office,United States,Miami,Florida,73301,East,PROD-1055,Furniture,Chairs,Chairs Product 55,359.7,6,0.3,8.11,2025,3,March,0.02254656658326383
ORD-101032,2025-05-24,2025-05-27,First Class,CUST-1129,Customer 1029,Home Office,United States,Columbus,Ohio,90001,East,PROD-1180,Technology,Printers,Printers Product 41,2177.34,6,0.05,255.78,2025,5,May,0.11747361459395408
ORD-101033,2025-05-20,2025-05-24,Second Class,CUST-1072,Customer 1192,Consumer,United States,Columbus,Ohio,43215,West,PROD-1128,Office Supplies,Paper,Paper Product 45,3675.12,6,0.0,998.52,2025,5,May,0.2716972507020179
ORD-101034,2025-08-27,2025-09-01,Standard Class,CUST-1130,Customer 1063,Home Office,United States,Phoenix,Arizona,33101,West,PROD-1031,Furniture,Bookcases,Bookcases Product 7,2492.95,5,0.0,107.25,2025,8,August,0.04302132012274615
ORD-101035,2025-07-21,2025-07-23,Standard Class,CUST-1222,Customer 1185,Corporate,United States,Rochester,New York,98101,East,PROD-1345,Furniture,Tables,Tables Product 70,325.71,1,0.3,-2.32,2025,7,July,-0.007122900739922017
ORD-101036,2024-01-17,2024-01-18,Standard Class,CUST-1190,Customer 1041,Consumer,United States,Spokane,Washington,90001,East,PROD-1100,Furniture,Chairs,Chairs Product 54,2163.42,7,0.15,-49.19,2024,1,January,-0.022737147664346265
ORD-101037,2024-10-28,2024-10-30,First Class,CUST-1228,Customer 1016,Corporate,United States,Buffalo,New York,85001,West,PROD-1004,Technology,Phones,Phones Product 29,2099.28,6,0.05,526.06,2024,10,October,0.2505906787088906
ORD-101038,2025-05-25,2025-05-26,First Class,CUST-1021,Customer 1237,Corporate,United States,Seattle,Washington,85001,West,PROD-1278,Office Supplies,Art Supplies,Art Supplies Product 54,1019.27,7,0.0,199.92,2025,5,May,0.19614037497424627
ORD-101039,2025-03-03,2025-03-06,First Class,CUST-1244,Customer 1180,Consumer,United States,Cincinnati,Ohio,33101,West,PROD-1321,Furniture,Storage,Storage Product 10,638.34,1,0.2,-7.6,2025,3,March,-0.011905880878528683
ORD-101040,2025-03-31,2025-04-04,First Class,CUST-1107,Customer 1134,Corporate,United States,Houston,Texas,90001,East,PROD-1152,Furniture,Bookcases,Bookcases Product 73,3609.18,6,0.05,770.78,2025,3,March,0.21356097506912927
ORD-101041,2024-05-22,2024-05-26,Same Day,CUST-1192,Customer 1202,Corporate,United States,Cincinnati,Ohio,90001,Central,PROD-1246,Office Supplies,Art Supplies,Art Supplies Product 74,445.44,3,0.3,49.7,2024,5,May,0.11157507183908047
ORD-101042,2025-05-04,2025-05-07,First Class,CUST-1076,Customer 1088,Consumer,United States,Springfield,Illinois,85001,East,PROD-1304,Furniture,Chairs,Chairs Product 30,1915.32,3,0.0,304.67,2025,5,May,0.15907002485224403
ORD-101043,2025-03-03,2025-03-08,Standard Class,CUST-1122,Customer 1136,Corporate,United States,Buffalo,New York,73301,East,PROD-1302,Office Supplies,Labels,Labels Product 30,1158.1,2,0.0,163.86,2025,3,March,0.1414903721612987
ORD-101044,2025-01-23,2025-01-25,Standard Class,CUST-1008,Customer 1223,Consumer,United States,Mesa,Arizona,73301,Central,PROD-1328,Furniture,Chairs,Chairs Product 72,800.43,3,0.05,11.6,2025,1,January,0.014492210436890172
ORD-101045,2025-08-16,2025-08-18,Second Class,CUST-1172,Customer 1097,Home Office,United States,Mesa,Arizona,10001,South,PROD-1001,Furniture,Bookcases,Bookcases Product 63,817.02,6,0.0,225.95,2025,8,August,0.27655381753200653
ORD-101046,2024-01-31,2024-02-01,Standard Class,CUST-1059,Customer 1114,Consumer,United States,Cincinnati,Ohio,85001,East,PROD-1220,Office Supplies,Binders,Binders Product 41,2164.55,5,0.2,287.9,2024,1,January,0.13300686054838187
ORD-101047,2024-04-06,2024-04-10,Second Class,CUST-1211,Customer 1166,Corporate,United States,Cincinnati,Ohio,90001,South,PROD-1218,Technology,Accessories,Accessories Product 75,519.63,3,0.05,125.6,2024,4,April,0.24171044781864018
ORD-101048,2024-09-21,2024-09-26,First Class,CUST-1232,Customer 1219,Consumer,United States,Tampa,Florida,60601,West,PROD-1341,Technology,Printers,Printers Product 68,437.56,4,0.0,54.83,2024,9,September,0.12530852911600696
ORD-101049,2025-04-18,2025-04-20,Second Class,CUST-1121,Customer 1124,Home Office,United States,Phoenix,Arizona,98101,Central,PROD-1216,Technology,Printers,Printers Product 56,3381.0,6,0.3,5.25,2025,4,April,0.0015527950310559005
ORD-101050,2025-06-23,2025-06-26,Standard Class,CUST-1153,Customer 1074,Consumer,United States,Los Angeles,California,43215,South,PROD-1189,Technology,Printers,Printers Product 12,2494.12,4,0.0,508.45,2025,6,June,0.20385947749105898
ORD-101051,2025-01-17,2025-01-18,First Class,CUST-1242,Customer 1242,Home Office,United States,Los Angeles,California,33101,East,PROD-1243,Office Supplies,Art Supplies,Art Supplies Product 42,954.06,6,0.2,55.23,2025,1,January,0.05788944091566568
ORD-101052,2025-08-03,2025-08-07,Second Class,CUST-1241,Customer 1051,Home Office,United States,Rochester,New York,73301,South,PROD-1097,Technology,Laptops,Laptops Product 49,1719.36,4,0.15,15.22,2025,8,August,0.00885213102549786
ORD-101053,2024-04-18,2024-04-19,Second Class,CUST-1165,Customer 1225,Home Office,United States,Chicago,Illinois,73301,Central,PROD-1267,Furniture,Chairs,Chairs Product 24,539.95,5,0.2,-3.44,2024,4,April,-0.006370960274099453
ORD-101054,2025-12-29,2025-12-31,Second Class,CUST-1134,Customer 1229,Corporate,United States,Chicago,Illinois,33101,Central,PROD-1279,Office Supplies,Binders,Binders Product 13,1505.49,7,0.15,55.86,2025,12,December,0.03710419863300321
ORD-101055,2024-08-07,2024-08-09,Same Day,CUST-1194,Customer 1036,Home Office,United States,Phoenix,Arizona,98101,Central,PROD-1108,Technology,Laptops,Laptops Product 61,539.16,1,0.2,52.19,2024,8,August,0.09679872394094517
ORD-101056,2025-08-31,2025-09-03,Standard Class,CUST-1123,Customer 1184,Home Office,United States,Buffalo,New York,98101,East,PROD-1118,Furniture,Storage,Storage Product 71,3343.83,7,0.3,-186.14,2025,8,August,-0.055666705544241184
ORD-101057,2025-12-23,2025-12-26,Standard Class,CUST-1029,Customer 1095,Corporate,United States,Seattle,Washington,90001,East,PROD-1246,Furniture,Tables,Tables Product 4,2546.25,7,0.15,169.18,2025,12,December,0.06644280805105547
ORD-101058,2025-11-24,2025-11-26,Same Day,CUST-1020,Customer 1144,Home Office,United States,Rochester,New York,85001,Central,PROD-1055,Technology,Phones,Phones Product 66,3636.5,7,0.3,-119.79,2025,11,November,-0.032941014711948303
ORD-101059,2024-07-15,2024-07-17,Second Class,CUST-1056,Customer 1055,Corporate,United States,Los Angeles,California,90001,South,PROD-1153,Office Supplies,Binders,Binders Product 53,1050.4,2,0.15,131.75,2024,7,July,0.1254284082254379
ORD-101060,2025-05-01,2025-05-04,Standard Class,CUST-1166,Customer 1045,Corporate,United States,Cincinnati,Ohio,10001,Central,PROD-1280,Furniture,Storage,Storage Product 30,524.72,4,0.05,53.88,2025,5,May,0.10268333587437109
ORD-101061,2025-12-03,2025-12-08,First Class,CUST-1183,Customer 1004,Consumer,United States,New York City,New York,98101,West,PROD-1111,Technology,Phones,Phones Product 78,4500.16,7,0.2,-237.9,2025,12,December,-0.0528647870297945
ORD-101062,2025-11-14,2025-11-15,Same Day,CUST-1197,Customer 1041,Consumer,United States,Peoria,Illinois,73301,East,PROD-1208,Office Supplies,Labels,Labels Product 30,4463.2,7,0.2,347.52,2025,11,November,0.07786341638286431
ORD-101063,2024-09-01,2024-09-04,Standard Class,CUST-1246,Customer 1246,Corporate,United States,Chicago,Illinois,98101,Central,PROD-1293,Technology,Printers,Printers Product 13,3877.44,7,0.15,-81.74,2024,9,September,-0.021080919369480894
ORD-101064,2024-01-20,2024-01-25,Same Day,CUST-1207,Customer 1026,Corporate,United States,Los Angeles,California,73301,East,PROD-1011,Technology,Phones,Phones Product 27,2256.38,7,0.0,374.75,2024,1,January,0.16608461340731615
ORD-101065,2025-03-20,2025-03-24,Second Class,CUST-1186,Customer 1182,Consumer,United States,Dallas,Texas,90001,East,PROD-1206,Furniture,Bookcases,Bookcases Product 14,3112.76,7,0.1,539.22,2025,3,March,0.1732289029671417
ORD-101066,2024-10-14,2024-10-17,Same Day,CUST-1019,Customer 1154,Consumer,United States,San Jose,California,10001,West,PROD-1240,Technology,Laptops,Laptops Product 9,806.47,7,0.1,-5.34,2024,10,October,-0.006621449030962094
ORD-101067,2024-09-15,2024-09-20,First Class,CUST-1157,Customer 1072,Home Office,United States,Tucson,Arizona,73301,East,PROD-1154,Office Supplies,Art Supplies,Art Supplies Product 18,540.48,3,0.3,31.68,2024,9,September,0.058614564831261096
ORD-101068,2024-04-21,2024-04-24,Same Day,CUST-1003,Customer 1230,Corporate,United States,San Jose,California,90001,South,PROD-1307,Furniture,Tables,Tables Product 17,1750.32,6,0.15,198.46,2024,4,April,0.11338498103203987
ORD-101069,2025-03-11,2025-03-12,Same Day,CUST-1138,Customer 1113,Consumer,United States,Orlando,Florida,85001,Central,PROD-1021,Technology,Phones,Phones Product 24,552.78,3,0.3,-34.46,2025,3,March,-0.062339447881616564
ORD-101070,2024-09-21,2024-09-22,Second Class,CUST-1001,Customer 1069,Consumer,United States,Orlando,Florida,60601,Central,PROD-1211,Technology,Printers,Printers Product 72,1893.04,4,0.15,60.28,2024,9,September,0.03184296158559777
ORD-101071,2024-03-24,2024-03-25,Standard Class,CUST-1216,Customer 1231,Consumer,United States,Phoenix,Arizona,90001,West,PROD-1042,Furniture,Bookcases,Bookcases Product 2,292.08,4,0.2,-5.35,2024,3,March,-0.018316899479594632
ORD-101072,2024-10-03,2024-10-04,First Class,CUST-1248,Customer 1181,Consumer,United States,Los Angeles,California,33101,East,PROD-1146,Technology,Accessories,Accessories Product 35,284.4,2,0.05,30.49,2024,10,October,0.10720815752461323
ORD-101073,2024-11-03,2024-11-08,Same Day,CUST-1235,Customer 1157,Corporate,United States,Peoria,Illinois,33101,Central,PROD-1189,Office Supplies,Paper,Paper Product 43,363.7,2,0.3,31.0,2024,11,November,0.08523508386032444
ORD-101074,2024-01-31,2024-02-04,Second Class,CUST-1130,Customer 1012,Home Office,United States,Houston,Texas,98101,South,PROD-1110,Technology,Phones,Phones Product 72,1983.4,5,0.3,-67.04,2024,1,January,-0.03380054451951195
ORD-101075,2024-06-11,2024-06-12,Same Day,CUST-1022,Customer 1032,Home Office,United States,Dallas,Texas,98101,East,PROD-1110,Technology,Phones,Phones Product 15,1859.06,7,0.2,-17.5,2024,6,June,-0.009413359439716846
ORD-101076,2024-09-05,2024-09-10,Same Day,CUST-1072,Customer 1058,Home Office,United States,Orlando,Florida,10001,West,PROD-1016,Office Supplies,Binders,Binders Product 75,472.74,1,0.0,47.35,2024,9,September,0.10016076490248339
ORD-101077,2024-09-10,2024-09-13,First Class,CUST-1028,Customer 1046,Corporate,United States,San Diego,California,43215,Central,PROD-1202,Furniture,Storage,Storage Product 79,1034.54,2,0.1,29.42,2024,9,September,0.028437759777292324
ORD-101078,2024-03-21,2024-03-23,Same Day,CUST-1025,Customer 1189,Consumer,United States,Dallas,Texas,60601,South,PROD-1240,Office Supplies,Paper,Paper Product 57,174.39,3,0.0,28.95,2024,3,March,0.16600722518493033
ORD-101079,2025-08-24,2025-08-27,Same Day,CUST-1099,Customer 1215,Home Office,United States,Peoria,Illinois,73301,West,PROD-1275,Office Supplies,Labels,Labels Product 66,306.36,2,0.05,26.33,2025,8,August,0.08594464029246637
ORD-101080,2025-12-09,2025-12-10,Second Class,CUST-1177,Customer 1145,Corporate,United States,Columbus,Ohio,73301,Central,PROD-1200,Office Supplies,Binders,Binders Product 40,46.77,3,0.3,0.48,2025,12,December,0.010262989095574085
ORD-101081,2024-11-30,2024-12-05,Standard Class,CUST-1228,Customer 1145,Consumer,United States,Seattle,Washington,33101,Central,PROD-1122,Furniture,Bookcases,Bookcases Product 29,3709.79,7,0.0,302.6,2024,11,November,0.0815679593723634
ORD-101082,2024-06-13,2024-06-16,Same Day,CUST-1052,Customer 1129,Home Office,United States,Los Angeles,California,90001,East,PROD-1226,Furniture,Storage,Storage Product 43,1791.85,5,0.15,42.81,2024,6,June,0.023891508775846195
ORD-101083,2024-10-11,2024-10-13,Second Class,CUST-1234,Customer 1069,Corporate,United States,Rochester,New York,43215,East,PROD-1213,Office Supplies,Paper,Paper Product 47,1511.88,6,0.1,47.58,2024,10,October,0.031470751646956105
ORD-101084,2024-01-21,2024-01-24,First Class,CUST-1050,Customer 1124,Corporate,United States,Columbus,Ohio,98101,West,PROD-1049,Technology,Printers,Printers Product 6,521.77,1,0.1,79.21,2024,1,January,0.15181018456407996
ORD-101085,2025-10-02,2025-10-03,Standard Class,CUST-1232,Customer 1017,Consumer,United States,Peoria,Illinois,98101,West,PROD-1186,Technology,Accessories,Accessories Product 56,1594.55,5,0.15,98.7,2025,10,October,0.06189834122479697
ORD-101086,2024-04-11,2024-04-16,Second Class,CUST-1087,Customer 1031,Consumer,United States,New York City,New York,60601,West,PROD-1195,Furniture,Bookcases,Bookcases Product 36,957.24,3,0.3,52.73,2024,4,April,0.05508545401362249
ORD-101087,2025-07-17,2025-07-18,Second Class,CUST-1212,Customer 1044,Consumer,United States,Spokane,Washington,43215,South,PROD-1186,Office Supplies,Paper,Paper Product 50,139.8,1,0.05,6.67,2025,7,July,0.0477110157367668
ORD-101088,2024-05-30,2024-06-03,Same Day,CUST-1067,Customer 1156,Home Office,United States,Cleveland,Ohio,98101,Central,PROD-1155,Furniture,Storage,Storage Product 51,490.88,4,0.3,12.31,2024,5,May,0.025077411994784877
ORD-101089,2024-02-18,2024-02-19,Standard Class,CUST-1129,Customer 1135,Consumer,United States,Tacoma,Washington,43215,Central,PROD-1268,Technology,Printers,Printers Product 48,4067.07,7,0.15,-26.79,2024,2,February,-0.0065870516120942095
ORD-101090,2025-06-02,2025-06-05,Second Class,CUST-1091,Customer 1081,Home Office,United States,Rochester,New York,73301,Central,PROD-1061,Furniture,Chairs,Chairs Product 61,371.24,4,0.1,24.21,2025,6,June,0.06521387781489063
ORD-101091,2025-07-05,2025-07-08,First Class,CUST-1247,Customer 1155,Corporate,United States,Rochester,New York,10001,West,PROD-1097,Technology,Accessories,Accessories Product 33,1068.68,4,0.2,-28.97,2025,7,July,-0.02710820825691507
ORD-101092,2024-10-13,2024-10-15,Second Class,CUST-1080,Customer 1004,Corporate,United States,Tampa,Florida,98101,West,PROD-1028,Furniture,Storage,Storage Product 73,2048.2,5,0.15,219.98,2024,10,October,0.10740162093545552
ORD-101093,2024-07-20,2024-07-23,Standard Class,CUST-1202,Customer 1242,Home Office,United States,Austin,Texas,33101,Central,PROD-1112,Furniture,Chairs,Chairs Product 50,210.32,1,0.3,13.26,2024,7,July,0.06304678585013312
ORD-101094,2025-01-28,2025-01-29,Same Day,CUST-1039,Customer 1133,Consumer,United States,Rochester,New York,85001,Central,PROD-1121,Technology,Printers,Printers Product 64,2887.3,5,0.3,-333.91,2025,1,January,-0.11564783707962456
ORD-101095,2025-10-11,2025-10-15,First Class,CUST-1147,Customer 1107,Corporate,United States,Los Angeles,California,98101,East,PROD-1221,Furniture,Storage,Storage Product 47,999.7,2,0.05,132.42,2025,10,October,0.13245973792137639
ORD-101096,2024-02-22,2024-02-25,Same Day,CUST-1084,Customer 1047,Home Office,United States,Springfield,Illinois,33101,South,PROD-1145,Technology,Accessories,Accessories Product 46,341.1,2,0.15,14.84,2024,2,February,0.04350630313690999
ORD-101097,2024-12-07,2024-12-12,Second Class,CUST-1220,Customer 1185,Home Office,United States,Orlando,Florida,33101,West,PROD-1102,Office Supplies,Labels,Labels Product 44,1225.98,3,0.15,-2.12,2024,12,December,-0.0017292288618085123
ORD-101098,2024-11-04,2024-11-09,Same Day,CUST-1070,Customer 1230,Consumer,United States,San Jose,California,33101,South,PROD-1241,Office Supplies,Art Supplies,Art Supplies Product 7,299.52,2,0.2,-7.36,2024,11,November,-0.024572649572649576
ORD-101099,2024-10-24,2024-10-29,Same Day,CUST-1016,Customer 1096,Consumer,United States,Phoenix,Arizona,73301,South,PROD-1302,Furniture,Bookcases,Bookcases Product 2,1613.29,7,0.0,239.71,2024,10,October,0.14858456942025303
ORD-101100,2024-01-03,2024-01-08,Second Class,CUST-1240,Customer 1220,Consumer,United States,Spokane,Washington,60601,South,PROD-1065,Office Supplies,Labels,Labels Product 21,2461.98,6,0.0,395.85,2024,1,January,0.1607852216508664
ORD-101101,2025-12-23,2025-12-24,First Class,CUST-1166,Customer 1151,Corporate,United States,New York City,New York,90001,West,PROD-1079,Technology,Printers,Printers Product 52,214.56,4,0.1,44.2,2025,12,December,0.20600298284862045
ORD-101102,2024-09-02,2024-09-04,First Class,CUST-1152,Customer 1234,Consumer,United States,Spokane,Washington,73301,South,PROD-1137,Office Supplies,Binders,Binders Product 67,499.2,6,0.0,65.92,2024,9,September,0.13205128205128205
ORD-101103,2024-10-04,2024-10-05,First Class,CUST-1032,Customer 1181,Home Office,United States,Dallas,Texas,33101,Central,PROD-1269,Furniture,Storage,Storage Product 21,1884.21,3,0.05,473.37,2024,10,October,0.2512299584441225
ORD-101104,2024-03-26,2024-03-28,Second Class,CUST-1107,Customer 1103,Corporate,United States,Spokane,Washington,33101,Central,PROD-1139,Technology,Phones,Phones Product 44,1184.96,7,0.2,82.6,2024,3,March,0.0697069943289225
ORD-101105,2025-07-20,2025-07-21,First Class,CUST-1199,Customer 1145,Home Office,United States,Dallas,Texas,85001,West,PROD-1308,Furniture,Storage,Storage Product 18,356.12,2,0.3,-18.92,2025,7,July,-0.05312815904751208
ORD-101106,2024-09-21,2024-09-22,First Class,CUST-1089,Customer 1210,Corporate,United States,Tampa,Florida,73301,South,PROD-1174,Office Supplies,Paper,Paper Product 53,3286.08,6,0.2,489.07,2024,9,September,0.14883082578634727
ORD-101107,2025-08-01,2025-08-05,First Class,CUST-1123,Customer 1036,Consumer,United States,Cincinnati,Ohio,90001,Central,PROD-1304,Furniture,Chairs,Chairs Product 26,609.18,6,0.1,76.65,2025,8,August,0.1258248793460061
ORD-101108,2025-04-18,2025-04-22,Same Day,CUST-1157,Customer 1149,Consumer,United States,Miami,Florida,85001,West,PROD-1241,Office Supplies,Paper,Paper Product 58,1978.4,5,0.3,18.82,2025,4,April,0.009512737565709663
ORD-101109,2024-10-29,2024-11-02,First Class,CUST-1204,Customer 1250,Home Office,United States,Peoria,Illinois,73301,South,PROD-1254,Furniture,Storage,Storage Product 15,369.06,2,0.1,68.81,2024,10,October,0.18644664824147836
ORD-101110,2025-02-01,2025-02-02,First Class,CUST-1220,Customer 1078,Corporate,United States,Peoria,Illinois,33101,West,PROD-1091,Furniture,Storage,Storage Product 60,225.51,3,0.15,28.03,2025,2,February,0.12429604008691411
ORD-101111,2024-06-16,2024-06-20,Second Class,CUST-1181,Customer 1207,Consumer,United States,Springfield,Illinois,85001,West,PROD-1170,Office Supplies,Paper,Paper Product 1,1532.7,5,0.15,92.54,2024,6,June,0.06037711228550923
ORD-101112,2024-07-17,2024-07-19,First Class,CUST-1238,Customer 1024,Consumer,United States,Rochester,New York,85001,Central,PROD-1269,Office Supplies,Binders,Binders Product 73,613.9,5,0.0,31.27,2024,7,July,0.0509366346310474
ORD-101113,2025-09-02,2025-09-03,First Class,CUST-1081,Customer 1126,Home Office,United States,Austin,Texas,33101,Central,PROD-1207,Furniture,Storage,Storage Product 18,3008.46,7,0.05,537.49,2025,9,September,0.17865951350524853
ORD-101114,2024-09-10,2024-09-11,Second Class,CUST-1068,Customer 1198,Home Office,United States,Columbus,Ohio,60601,East,PROD-1107,Office Supplies,Art Supplies,Art Supplies Product 72,756.32,2,0.05,84.23,2024,9,September,0.1113682039348424
ORD-101115,2024-07-17,2024-07-19,Standard Class,CUST-1087,Customer 1048,Consumer,United States,San Diego,California,85001,East,PROD-1324,Office Supplies,Paper,Paper Product 44,2738.88,6,0.15,361.31,2024,7,July,0.1319188865521673
ORD-101116,2025-01-28,2025-02-01,First Class,CUST-1068,Customer 1185,Corporate,United States,Cleveland,Ohio,85001,South,PROD-1007,Technology,Phones,Phones Product 51,310.56,6,0.05,43.4,2025,1,January,0.13974755280783102
ORD-101117,2025-01-01,2025-01-06,Second Class,CUST-1222,Customer 1119,Home Office,United States,Chicago,Illinois,60601,East,PROD-1152,Furniture,Chairs,Chairs Product 57,1182.56,2,0.05,174.18,2025,1,January,0.14729062373156543
ORD-101118,2024-05-12,2024-05-13,Standard Class,CUST-1168,Customer 1154,Consumer,United States,Tucson,Arizona,60601,West,PROD-1221,Furniture,Chairs,Chairs Product 54,838.35,3,0.2,134.69,2024,5,May,0.16066082185244826
ORD-101119,2025-10-15,2025-10-19,Standard Class,CUST-1070,Customer 1065,Consumer,United States,Buffalo,New York,85001,South,PROD-1015,Furniture,Chairs,Chairs Product 3,2009.14,7,0.1,145.3,2025,10,October,0.07231949988552316
ORD-101120,2025-01-15,2025-01-18,Same Day,CUST-1118,Customer 1158,Home Office,United States,San Jose,California,43215,Central,PROD-1269,Office Supplies,Paper,Paper Product 27,75.51,1,0.0,12.1,2025,1,January,0.16024367633426034
ORD-101121,2024-01-06,2024-01-08,First Class,CUST-1145,Customer 1016,Consumer,United States,San Diego,California,85001,Central,PROD-1138,Technology,Phones,Phones Product 10,614.2,2,0.15,3.24,2024,1,January,0.005275154672745034
ORD-101122,2024-08-12,2024-08-16,Second Class,CUST-1053,Customer 1098,Corporate,United States,Mesa,Arizona,73301,Central,PROD-1009,Technology,Printers,Printers Product 42,1503.6,4,0.05,58.28,2024,8,August,0.03876030859271083
ORD-101123,2024-05-24,2024-05-25,Standard Class,CUST-1211,Customer 1046,Corporate,United States,Phoenix,Arizona,98101,West,PROD-1066,Furniture,Storage,Storage Product 5,1285.3,5,0.15,242.21,2024,5,May,0.1884462771337431
ORD-101124,2024-04-21,2024-04-24,First Class,CUST-1082,Customer 1038,Corporate,United States,Seattle,Washington,33101,East,PROD-1220,Office Supplies,Labels,Labels Product 50,185.94,1,0.15,6.18,2024,4,April,0.03323652791222975
ORD-101125,2024-11-02,2024-11-05,First Class,CUST-1029,Customer 1010,Corporate,United States,San Diego,California,98101,Central,PROD-1216,Office Supplies,Art Supplies,Art Supplies Product 32,938.74,2,0.3,98.65,2024,11,November,0.10508767070754416
ORD-101126,2025-01-21,2025-01-26,Second Class,CUST-1029,Customer 1166,Home Office,United States,Mesa,Arizona,60601,West,PROD-1121,Technology,Laptops,Laptops Product 5,4247.67,7,0.05,757.45,2025,1,January,0.17832129143742334
ORD-101127,2024-03-19,2024-03-22,Same Day,CUST-1119,Customer 1218,Corporate,United States,Seattle,Washington,73301,West,PROD-1311,Furniture,Chairs,Chairs Product 42,1466.7,3,0.05,205.78,2024,3,March,0.14030135678734573
ORD-101128,2024-11-07,2024-11-11,Same Day,CUST-1222,Customer 1194,Consumer,United States,Los Angeles,California,10001,Central,PROD-1213,Technology,Accessories,Accessories Product 4,2125.44,6,0.2,-29.1,2024,11,November,-0.013691282746160795
ORD-101129,2024-05-16,2024-05-17,Second Class,CUST-1041,Customer 1203,Consumer,United States,Austin,Texas,73301,West,PROD-1228,Technology,Accessories,Accessories Product 42,2036.93,7,0.05,302.35,2024,5,May,0.14843416317693786
ORD-101130,2024-02-10,2024-02-15,First Class,CUST-1147,Customer 1232,Corporate,United States,Rochester,New York,90001,West,PROD-1122,Office Supplies,Binders,Binders Product 77,660.33,3,0.3,-9.75,2024,2,February,-0.014765344600427058
ORD-101131,2024-07-15,2024-07-16,Same Day,CUST-1172,Customer 1186,Home Office,United States,Dallas,Texas,60601,East,PROD-1049,Technology,Phones,Phones Product 78,1086.72,2,0.3,-121.41,2024,7,July,-0.1117215106007067
ORD-101132,2025-07-24,2025-07-29,First Class,CUST-1018,Customer 1056,Home Office,United States,Peoria,Illinois,85001,Central,PROD-1028,Furniture,Tables,Tables Product 50,2115.15,5,0.0,427.89,2025,7,July,0.20229770938231328
ORD-101133,2024-01-24,2024-01-29,First Class,CUST-1221,Customer 1186,Corporate,United States,Miami,Florida,43215,West,PROD-1274,Furniture,Storage,Storage Product 49,2412.75,5,0.05,500.59,2024,1,January,0.20747694539425965
ORD-101134,2024-10-05,2024-10-07,Second Class,CUST-1064,Customer 1106,Corporate,United States,Los Angeles,California,98101,East,PROD-1017,Furniture,Bookcases,Bookcases Product 59,1061.54,2,0.1,178.74,2024,10,October,0.16837801684345385
ORD-101135,2025-04-19,2025-04-23,Standard Class,CUST-1076,Customer 1019,Consumer,United States,Orlando,Florida,73301,West,PROD-1050,Technology,Printers,Printers Product 39,2400.45,5,0.3,18.94,2025,4,April,0.007890187256556063
ORD-101136,2024-01-15,2024-01-16,Second Class,CUST-1047,Customer 1081,Home Office,United States,Tampa,Florida,98101,South,PROD-1179,Technology,Accessories,Accessories Product 26,980.52,4,0.0,101.95,2024,1,January,0.10397544160241505
ORD-101137,2024-11-04,2024-11-07,Standard Class,CUST-1218,Customer 1169,Home Office,United States,Chicago,Illinois,60601,East,PROD-1269,Furniture,Storage,Storage Product 76,345.48,6,0.0,20.26,2024,11,November,0.05864304735440547
ORD-101138,2025-12-31,2026-01-02,First Class,CUST-1046,Customer 1185,Corporate,United States,Rochester,New York,98101,South,PROD-1089,Technology,Accessories,Accessories Product 79,1040.86,2,0.2,-37.19,2025,12,December,-0.035730069365716814
ORD-101139,2024-04-19,2024-04-20,Standard Class,CUST-1035,Customer 1210,Corporate,United States,Chicago,Illinois,60601,East,PROD-1198,Technology,Printers,Printers Product 62,259.56,1,0.05,21.64,2024,4,April,0.0833718600708892
ORD-101140,2024-05-22,2024-05-26,Same Day,CUST-1167,Customer 1235,Consumer,United States,Dallas,Texas,43215,Central,PROD-1103,Office Supplies,Paper,Paper Product 70,1044.46,2,0.15,152.26,2024,5,May,0.1457786798920016
ORD-101141,2025-02-27,2025-03-04,First Class,CUST-1152,Customer 1017,Corporate,United States,Phoenix,Arizona,73301,South,PROD-1144,Office Supplies,Labels,Labels Product 4,88.62,3,0.3,-3.4,2025,2,February,-0.03836605732340329
ORD-101142,2024-07-23,2024-07-28,Standard Class,CUST-1153,Customer 1156,Corporate,United States,Orlando,Florida,98101,Central,PROD-1067,Technology,Accessories,Accessories Product 72,1202.95,7,0.05,151.09,2024,7,July,0.12559956772933206
ORD-101143,2024-11-21,2024-11-24,Second Class,CUST-1192,Customer 1211,Consumer,United States,Buffalo,New York,43215,Central,PROD-1229,Office Supplies,Art Supplies,Art Supplies Product 50,2290.86,6,0.0,636.77,2024,11,November,0.2779611150397667
ORD-101144,2025-01-27,2025-02-01,First Class,CUST-1128,Customer 1195,Corporate,United States,Peoria,Illinois,85001,East,PROD-1324,Office Supplies,Paper,Paper Product 32,1007.24,4,0.15,146.89,2025,1,January,0.14583416067670069
ORD-101145,2024-09-10,2024-09-14,First Class,CUST-1091,Customer 1045,Consumer,United States,Springfield,Illinois,43215,Central,PROD-1217,Furniture,Tables,Tables Product 27,1351.44,3,0.15,7.02,2024,9,September,0.005194459243473628
ORD-101146,2025-06-21,2025-06-23,Standard Class,CUST-1201,Customer 1167,Home Office,United States,New York City,New York,73301,South,PROD-1064,Furniture,Storage,Storage Product 19,736.6,4,0.1,165.28,2025,6,June,0.22438229704045615
ORD-101147,2025-08-26,2025-08-28,First Class,CUST-1111,Customer 1021,Corporate,United States,Los Angeles,California,43215,Central,PROD-1121,Furniture,Chairs,Chairs Product 6,1436.12,7,0.3,-92.74,2025,8,August,-0.06457677631395706
ORD-101148,2024-09-13,2024-09-14,First Class,CUST-1046,Customer 1195,Corporate,United States,Austin,Texas,85001,West,PROD-1145,Furniture,Storage,Storage Product 79,151.84,1,0.1,23.86,2024,9,September,0.1571390937829294
ORD-101149,2024-06-08,2024-06-10,Same Day,CUST-1153,Customer 1085,Corporate,United States,Rochester,New York,98101,West,PROD-1154,Furniture,Chairs,Chairs Product 75,1984.92,4,0.15,-68.35,2024,6,June,-0.0344346371642182
ORD-101150,2024-07-02,2024-07-05,First Class,CUST-1027,Customer 1051,Home Office,United States,San Diego,California,85001,East,PROD-1188,Office Supplies,Labels,Labels Product 76,2446.4,4,0.15,-18.7,2024,7,July,-0.00764388489208633
ORD-101151,2024-12-23,2024-12-25,Second Class,CUST-1210,Customer 1002,Consumer,United States,Buffalo,New York,33101,Central,PROD-1297,Office Supplies,Art Supplies,Art Supplies Product 41,440.36,4,0.3,-33.46,2024,12,December,-0.0759832864020347
ORD-101152,2024-06-20,2024-06-21,Standard Class,CUST-1148,Customer 1118,Corporate,United States,Cleveland,Ohio,10001,East,PROD-1132,Office Supplies,Labels,Labels Product 10,843.72,3,0.3,-93.67,2024,6,June,-0.11102024368273834
ORD-101153,2025-01-26,2025-01-31,First Class,CUST-1021,Customer 1131,Corporate,United States,Seattle,Washington,73301,East,PROD-1169,Office Supplies,Paper,Paper Product 59,591.88,1,0.1,-6.26,2025,1,January,-0.010576468203014125
ORD-101154,2024-09-24,2024-09-25,Standard Class,CUST-1060,Customer 1052,Corporate,United States,Buffalo,New York,43215,West,PROD-1123,Technology,Laptops,Laptops Product 64,1409.44,4,0.0,93.54,2024,9,September,0.06636678397093881
ORD-101155,2025-12-30,2026-01-04,First Class,CUST-1176,Customer 1175,Consumer,United States,Cincinnati,Ohio,43215,South,PROD-1202,Furniture,Tables,Tables Product 5,2595.68,4,0.3,24.27,2025,12,December,0.009350151020156568
ORD-101156,2024-03-10,2024-03-12,Same Day,CUST-1080,Customer 1019,Corporate,United States,Peoria,Illinois,90001,Central,PROD-1028,Office Supplies,Paper,Paper Product 48,2573.69,7,0.05,146.61,2024,3,March,0.05696490253293909
ORD-101157,2024-06-24,2024-06-26,Same Day,CUST-1023,Customer 1027,Home Office,United States,Los Angeles,California,10001,East,PROD-1305,Technology,Accessories,Accessories Product 54,360.82,1,0.2,37.38,2024,6,June,0.10359736156532344
ORD-101158,2025-04-02,2025-04-07,Standard Class,CUST-1008,Customer 1053,Corporate,United States,Tacoma,Washington,43215,East,PROD-1137,Technology,Printers,Printers Product 3,1066.71,3,0.05,86.27,2025,4,April,0.08087483945964695
ORD-101159,2025-07-11,2025-07-14,Second Class,CUST-1130,Customer 1075,Consumer,United States,Dallas,Texas,85001,Central,PROD-1147,Furniture,Chairs,Chairs Product 39,500.28,2,0.2,-28.3,2025,7,July,-0.056568321739825705
ORD-101160,2025-06-18,2025-06-20,First Class,CUST-1057,Customer 1001,Consumer,United States,Springfield,Illinois,98101,East,PROD-1238,Furniture,Chairs,Chairs Product 78,755.44,2,0.2,31.73,2025,6,June,0.042002012072434605
ORD-101161,2025-12-10,2025-12-14,First Class,CUST-1197,Customer 1220,Consumer,United States,Rochester,New York,10001,East,PROD-1151,Furniture,Tables,Tables Product 40,1188.72,6,0.2,-46.37,2025,12,December,-0.03900834511070731
ORD-101162,2024-08-01,2024-08-05,Second Class,CUST-1109,Customer 1009,Consumer,United States,Cincinnati,Ohio,10001,Central,PROD-1192,Office Supplies,Binders,Binders Product 8,327.35,1,0.3,-8.47,2024,8,August,-0.025874446311287613
ORD-101163,2024-12-17,2024-12-21,Same Day,CUST-1213,Customer 1046,Home Office,United States,Orlando,Florida,60601,South,PROD-1126,Office Supplies,Labels,Labels Product 46,206.28,2,0.2,-3.47,2024,12,December,-0.016821795617607136
ORD-101164,2025-07-26,2025-07-28,Standard Class,CUST-1118,Customer 1196,Home Office,United States,Phoenix,Arizona,43215,East,PROD-1158,Furniture,Chairs,Chairs Product 24,3733.56,6,0.1,128.85,2025,7,July,0.03451129752836435
ORD-101165,2024-11-12,2024-11-14,Second Class,CUST-1180,Customer 1172,Consumer,United States,Austin,Texas,85001,South,PROD-1107,Furniture,Bookcases,Bookcases Product 1,3017.35,7,0.0,800.23,2024,11,November,0.2652095381709116
ORD-101166,2024-07-06,2024-07-11,Standard Class,CUST-1087,Customer 1053,Consumer,United States,Austin,Texas,73301,West,PROD-1345,Office Supplies,Binders,Binders Product 6,73.12,1,0.05,9.07,2024,7,July,0.12404266958424508
ORD-101167,2024-05-14,2024-05-17,Same Day,CUST-1065,Customer 1027,Home Office,United States,Tucson,Arizona,73301,West,PROD-1017,Office Supplies,Paper,Paper Product 72,1872.6,5,0.15,322.1,2024,5,May,0.17200683541599918
ORD-101168,2025-04-27,2025-04-28,Standard Class,CUST-1215,Customer 1089,Consumer,United States,Austin,Texas,10001,West,PROD-1341,Office Supplies,Paper,Paper Product 59,124.38,6,0.3,-6.68,2025,4,April,-0.05370638366296832
ORD-101169,2025-04-12,2025-04-16,Same Day,CUST-1118,Customer 1142,Corporate,United States,Columbus,Ohio,73301,Central,PROD-1025,Technology,Accessories,Accessories Product 54,498.27,1,0.15,2.68,2025,4,April,0.005378609990567364
ORD-101170,2025-01-27,2025-01-30,Second Class,CUST-1042,Customer 1124,Home Office,United States,Orlando,Florida,73301,South,PROD-1083,Office Supplies,Labels,Labels Product 16,1159.34,2,0.2,-5.62,2025,1,January,-0.004847585695309401
ORD-101171,2025-11-21,2025-11-25,Standard Class,CUST-1144,Customer 1092,Consumer,United States,Dallas,Texas,85001,East,PROD-1187,Office Supplies,Binders,Binders Product 28,3093.2,5,0.3,-98.69,2025,11,November,-0.031905470063364805
ORD-101172,2025-11-03,2025-11-04,Second Class,CUST-1151,Customer 1112,Home Office,United States,Spokane,Washington,90001,South,PROD-1088,Office Supplies,Art Supplies,Art Supplies Product 3,3154.83,7,0.0,634.83,2025,11,November,0.20122478865739202
ORD-101173,2025-06-27,2025-07-02,Same Day,CUST-1048,Customer 1179,Consumer,United States,San Diego,California,43215,East,PROD-1165,Office Supplies,Labels,Labels Product 75,1987.79,7,0.2,194.32,2025,6,June,0.09775680529633411
ORD-101174,2025-05-21,2025-05-23,Second Class,CUST-1228,Customer 1219,Home Office,United States,Peoria,Illinois,10001,West,PROD-1191,Furniture,Chairs,Chairs Product 10,566.71,1,0.0,61.14,2025,5,May,0.1078858675513049
ORD-101175,2024-08-08,2024-08-11,Standard Class,CUST-1086,Customer 1104,Home Office,United States,Phoenix,Arizona,60601,West,PROD-1246,Office Supplies,Labels,Labels Product 38,105.5,5,0.1,14.07,2024,8,August,0.1333649289099526
ORD-101176,2024-02-21,2024-02-24,Same Day,CUST-1243,Customer 1044,Corporate,United States,Chicago,Illinois,33101,East,PROD-1008,Office Supplies,Labels,Labels Product 5,590.82,1,0.1,86.46,2024,2,February,0.1463389864933482
ORD-101177,2025-02-25,2025-03-02,Standard Class,CUST-1190,Customer 1091,Consumer,United States,Phoenix,Arizona,85001,South,PROD-1208,Furniture,Tables,Tables Product 33,142.55,1,0.3,-2.76,2025,2,February,-0.01936162749912311
ORD-101178,2025-12-04,2025-12-06,Standard Class,CUST-1216,Customer 1157,Consumer,United States,Buffalo,New York,33101,Central,PROD-1232,Office Supplies,Labels,Labels Product 67,180.78,2,0.15,-3.44,2025,12,December,-0.019028653612125235
ORD-101179,2025-02-27,2025-03-04,First Class,CUST-1116,Customer 1049,Home Office,United States,Mesa,Arizona,90001,West,PROD-1126,Furniture,Chairs,Chairs Product 53,318.52,2,0.3,4.69,2025,2,February,0.014724350119301772
ORD-101180,2025-10-23,2025-10-28,Same Day,CUST-1031,Customer 1037,Home Office,United States,Mesa,Arizona,98101,Central,PROD-1122,Technology,Phones,Phones Product 16,693.3,3,0.05,112.84,2025,10,October,0.16275782489542767
ORD-101181,2025-11-11,2025-11-15,Same Day,CUST-1249,Customer 1082,Consumer,United States,Dallas,Texas,10001,West,PROD-1091,Technology,Laptops,Laptops Product 11,3982.86,7,0.1,532.62,2025,11,November,0.13372802458534822
ORD-101182,2024-09-30,2024-10-01,Same Day,CUST-1235,Customer 1031,Home Office,United States,Seattle,Washington,10001,South,PROD-1033,Technology,Phones,Phones Product 53,159.66,6,0.05,22.4,2024,9,September,0.14029813353375922
ORD-101183,2025-09-29,2025-10-01,Same Day,CUST-1023,Customer 1203,Consumer,United States,Phoenix,Arizona,33101,West,PROD-1090,Office Supplies,Paper,Paper Product 52,485.1,1,0.0,94.68,2025,9,September,0.19517625231910946
ORD-101184,2024-03-31,2024-04-02,First Class,CUST-1196,Customer 1146,Consumer,United States,Tampa,Florida,10001,Central,PROD-1234,Technology,Accessories,Accessories Product 61,1720.1,5,0.15,298.07,2024,3,March,0.17328643683506773
ORD-101185,2024-08-03,2024-08-06,First Class,CUST-1047,Customer 1136,Corporate,United States,Cincinnati,Ohio,90001,West,PROD-1077,Office Supplies,Binders,Binders Product 3,884.65,5,0.05,157.76,2024,8,August,0.178330413157746
ORD-101186,2025-02-02,2025-02-07,Second Class,CUST-1090,Customer 1089,Corporate,United States,Spokane,Washington,85001,South,PROD-1320,Technology,Printers,Printers Product 59,233.16,4,0.1,20.25,2025,2,February,0.0868502316006176
ORD-101187,2024-10-22,2024-10-27,Standard Class,CUST-1204,Customer 1227,Corporate,United States,Austin,Texas,60601,West,PROD-1111,Office Supplies,Labels,Labels Product 1,118.92,2,0.3,12.29,2024,10,October,0.10334678775647493
ORD-101188,2025-10-10,2025-10-15,Standard Class,CUST-1189,Customer 1211,Home Office,United States,San Diego,California,98101,South,PROD-1061,Technology,Accessories,Accessories Product 23,4301.08,7,0.05,207.84,2025,10,October,0.04832274684497847
ORD-101189,2024-06-09,2024-06-11,Standard Class,CUST-1240,Customer 1001,Corporate,United States,Spokane,Washington,90001,South,PROD-1325,Furniture,Chairs,Chairs Product 59,558.64,2,0.0,32.74,2024,6,June,0.05860661606759273
ORD-101190,2024-04-06,2024-04-09,Standard Class,CUST-1195,Customer 1143,Consumer,United States,Houston,Texas,98101,South,PROD-1113,Furniture,Tables,Tables Product 23,287.68,1,0.05,46.88,2024,4,April,0.16295884315906564
ORD-101191,2024-10-27,2024-11-01,Second Class,CUST-1089,Customer 1017,Corporate,United States,Columbus,Ohio,43215,Central,PROD-1306,Technology,Accessories,Accessories Product 60,387.59,1,0.3,30.36,2024,10,October,0.07833019427745815
ORD-101192,2025-11-15,2025-11-16,Second Class,CUST-1096,Customer 1168,Consumer,United States,Tampa,Florida,33101,East,PROD-1130,Technology,Laptops,Laptops Product 79,610.02,3,0.1,38.37,2025,11,November,0.06289957706304711
ORD-101193,2025-09-14,2025-09-16,Same Day,CUST-1030,Customer 1232,Consumer,United States,Houston,Texas,85001,South,PROD-1211,Technology,Printers,Printers Product 44,1561.2,4,0.1,120.11,2025,9,September,0.07693440942864463
ORD-101194,2025-02-04,2025-02-05,Second Class,CUST-1103,Customer 1112,Corporate,United States,Chicago,Illinois,10001,East,PROD-1268,Furniture,Chairs,Chairs Product 13,2143.8,6,0.15,325.25,2025,2,February,0.15171657803899616
ORD-101195,2025-08-12,2025-08-14,First Class,CUST-1196,Customer 1134,Home Office,United States,Orlando,Florida,60601,Central,PROD-1171,Technology,Phones,Phones Product 19,2405.0,5,0.15,-11.99,2025,8,August,-0.0049854469854469854
ORD-101196,2024-01-28,2024-01-31,Standard Class,CUST-1246,Customer 1074,Consumer,United States,Tampa,Florida,10001,West,PROD-1294,Furniture,Chairs,Chairs Product 66,656.25,5,0.3,65.74,2024,1,January,0.10017523809523808
ORD-101197,2025-07-02,2025-07-04,Standard Class,CUST-1209,Customer 1015,Consumer,United States,Cincinnati,Ohio,60601,South,PROD-1209,Technology,Laptops,Laptops Product 22,1675.03,7,0.15,221.97,2025,7,July,0.1325170295457395
ORD-101198,2024-11-23,2024-11-27,First Class,CUST-1134,Customer 1196,Corporate,United States,Seattle,Washington,98101,Central,PROD-1101,Technology,Accessories,Accessories Product 41,923.36,2,0.3,-33.43,2024,11,November,-0.036204730549298215
ORD-101199,2025-03-02,2025-03-05,Standard Class,CUST-1179,Customer 1152,Corporate,United States,Spokane,Washington,90001,East,PROD-1266,Office Supplies,Binders,Binders Product 63,3163.55,5,0.0,830.01,2025,3,March,0.2623666450664601
ORD-101200,2024-12-19,2024-12-24,Second Class,CUST-1243,Customer 1145,Corporate,United States,Cincinnati,Ohio,90001,Central,PROD-1321,Technology,Laptops,Laptops Product 43,873.54,2,0.0,57.42,2024,12,December,0.06573253657531425
